/*
Used to populate the database on initial startup of the system.  And also ensure we are clean
*/
CREATE PROCEDURE [dbo].[SeedDatabase]
AS

delete from cost_basis
delete from journal_log
delete from unofficial_daily_pnl_history
delete from unofficial_daily_pnl
delete from tax_lot_status
delete from tax_lot
delete from market_prices_history
delete from market_prices
delete from fx_rates_history
delete from fx_rates

delete from account
delete from account_type
delete from account_category

/*
Categories
*/
INSERT [dbo].[account_category] ([id], [name]) VALUES (1, N'Asset')
INSERT [dbo].[account_category] ([id], [name]) VALUES (2, N'Liability')
INSERT [dbo].[account_category] ([id], [name]) VALUES (3, N'Equity')
INSERT [dbo].[account_category] ([id], [name]) VALUES (4, N'Revenues')
INSERT [dbo].[account_category] ([id], [name]) VALUES (5, N'Expenses')
INSERT [dbo].[account_category] ([id], [name]) VALUES (0, N'Dummy')

/*
Derivative Contracts

We use these for OTC Instruments
*/
SET IDENTITY_INSERT [dbo].[account_type] ON 
INSERT [dbo].[account_type] ([id], [account_category_id], [name]) VALUES (1, 1, N'CASH')
INSERT [dbo].[account_type] ([id], [account_category_id], [name]) VALUES (2, 1, N'LONG POSITIONS AT COST')
INSERT [dbo].[account_type] ([id], [account_category_id], [name]) VALUES (3, 1, N'Mark to Market Longs')
INSERT [dbo].[account_type] ([id], [account_category_id], [name]) VALUES (4, 1, N'PURCHASED/SOLD) Fixed Income COUPON INTEREST')
INSERT [dbo].[account_type] ([id], [account_category_id], [name]) VALUES (5, 1, N'DUE FROM/(TO) PRIME BROKERS ( Unsettled Activity )')
INSERT [dbo].[account_type] ([id], [account_category_id], [name]) VALUES (6, 1, N'Settled Cash')
INSERT [dbo].[account_type] ([id], [account_category_id], [name]) VALUES (7, 1, N'UNREALIZED GAIN/LOSS SWAPS')
INSERT [dbo].[account_type] ([id], [account_category_id], [name]) VALUES (8, 1, N'SWAP COLLATERAL ACCOUNTS')
INSERT [dbo].[account_type] ([id], [account_category_id], [name]) VALUES (9, 1, N'UNREALIZED GAIN/LOSS FUTURES')
INSERT [dbo].[account_type] ([id], [account_category_id], [name]) VALUES (10, 1, N'FUTURES COLLATERAL ACCOUNTS')
INSERT [dbo].[account_type] ([id], [account_category_id], [name]) VALUES (11, 1, N'DIVIDENDS RECEIVABLE')
INSERT [dbo].[account_type] ([id], [account_category_id], [name]) VALUES (12, 1, N'INTEREST RECEIVABLE ( Coupon Payments )')
INSERT [dbo].[account_type] ([id], [account_category_id], [name]) VALUES (13, 1, N'Interest Receivable on  PB Balances ')
INSERT [dbo].[account_type] ([id], [account_category_id], [name]) VALUES (14, 1, N'INTERCOMPANY RECEIVABLE/(PAYABLE)')
INSERT [dbo].[account_type] ([id], [account_category_id], [name]) VALUES (15, 1, N'CAPITAL RECEIVABLE/ PAYABLE FROM SHAREHOLDERS')
INSERT [dbo].[account_type] ([id], [account_category_id], [name]) VALUES (16, 1, N'FIXED ASSETS')
INSERT [dbo].[account_type] ([id], [account_category_id], [name]) VALUES (17, 1, N'ACCCUMULATED DEPRECIATION')
INSERT [dbo].[account_type] ([id], [account_category_id], [name]) VALUES (18, 1, N'LEASEHOLD IMPROVEMENTS')
INSERT [dbo].[account_type] ([id], [account_category_id], [name]) VALUES (19, 1, N'ACCUMULATED AMORTIZATION')
INSERT [dbo].[account_type] ([id], [account_category_id], [name]) VALUES (20, 1, N'ORGANIZATION COSTS')
INSERT [dbo].[account_type] ([id], [account_category_id], [name]) VALUES (21, 1, N'PREPAID EXPENSES')

INSERT [dbo].[account_type] ([id], [account_category_id], [name]) VALUES (22, 2, N'SHORT POSITIONS AT COST')
INSERT [dbo].[account_type] ([id], [account_category_id], [name]) VALUES (23, 2, N'Mark to Market Shorts')
INSERT [dbo].[account_type] ([id], [account_category_id], [name]) VALUES (24, 2, N'DIVIDENDS PAYABLE')
INSERT [dbo].[account_type] ([id], [account_category_id], [name]) VALUES (25, 2, N'INTEREST PAYABLE ( Fixed Income Coupons )')
INSERT [dbo].[account_type] ([id], [account_category_id], [name]) VALUES (26, 2, N'Interest Expense ( Bond Premium ammortization )')
INSERT [dbo].[account_type] ([id], [account_category_id], [name]) VALUES (27, 2, N'Interest Expense of PB Balances  Payable')
INSERT [dbo].[account_type] ([id], [account_category_id], [name]) VALUES (28, 2, N'Financing Expense on Swap Par Value')
INSERT [dbo].[account_type] ([id], [account_category_id], [name]) VALUES (29, 2, N'DIVIDENDS FOREIGN WITHHOLDINGS')
INSERT [dbo].[account_type] ([id], [account_category_id], [name]) VALUES (30, 2, N'ACCRUED EXPENSES')

INSERT [dbo].[account_type] ([id], [account_category_id], [name]) VALUES (31, 3, N'CONTRIBUTED CAPITAL')
INSERT [dbo].[account_type] ([id], [account_category_id], [name]) VALUES (32, 3, N'RETAINED EARNINGS-PRIOR YEARS P&L')
INSERT [dbo].[account_type] ([id], [account_category_id], [name]) VALUES (33, 3, N'CURRENT YEAR NET INCOME/(LOSS)')

INSERT [dbo].[account_type] ([id], [account_category_id], [name]) VALUES (34, 4, N'REALIZED GAIN/(LOSS)')
INSERT [dbo].[account_type] ([id], [account_category_id], [name]) VALUES (35, 4, N'CHANGE IN UNREALIZED GAIN/(LOSS)')
INSERT [dbo].[account_type] ([id], [account_category_id], [name]) VALUES (36, 4, N'DIVIDEND INCOME')
INSERT [dbo].[account_type] ([id], [account_category_id], [name]) VALUES (37, 4, N'FOREIGN WITHHOLDING TAX')
INSERT [dbo].[account_type] ([id], [account_category_id], [name]) VALUES (38, 4, N'INTEREST INCOME ( Fixed Income Coupon )')
INSERT [dbo].[account_type] ([id], [account_category_id], [name]) VALUES (39, 4, N'Interest Income on  PB Balances')

INSERT [dbo].[account_type] ([id], [account_category_id], [name]) VALUES (40, 5, N'DIVIDEND EXPENSE')
INSERT [dbo].[account_type] ([id], [account_category_id], [name]) VALUES (41, 5, N'INTEREST EXPENSE ( Fixed Income Coupons )')
INSERT [dbo].[account_type] ([id], [account_category_id], [name]) VALUES (42, 5, N'Interest Expense of PB Balances')
INSERT [dbo].[account_type] ([id], [account_category_id], [name]) VALUES (43, 5, N'STOCK BORROW FEES')
INSERT [dbo].[account_type] ([id], [account_category_id], [name]) VALUES (44, 5, N'EMPLOYEE COMPENSATION')
INSERT [dbo].[account_type] ([id], [account_category_id], [name]) VALUES (45, 5, N'Expenses Paid')
INSERT [dbo].[account_type] ([id], [account_category_id], [name]) VALUES (46, 5, N'AMORTIZATION AND DEPRECIATION')
INSERT [dbo].[account_type] ([id], [account_category_id], [name]) VALUES (47, 0, N'Dummy Type')

SET IDENTITY_INSERT [dbo].[account_type] OFF

--dummy account
INSERT INTO [dbo].[account]([name],[description],[account_type_id]) VALUES('Dummy Account','Default Account',(select top 1 id from account_type where account_category_id = 0))

-- server side filters
delete from server_side_filter_config
INSERT INTO [server_side_filter_config]([created_by],[created_date],[last_updated_by],[last_updated_date],[col_name],[source],[meta_info],[grid_name]) VALUES('sa',GETDATE(),NULL,NULL,'fund','vwFullJournal','vwFullJournal','Journals Ledgers')
INSERT INTO [server_side_filter_config]([created_by],[created_date],[last_updated_by],[last_updated_date],[col_name],[source],[meta_info],[grid_name]) VALUES('sa',GETDATE(),NULL,NULL,'symbol','vwFullJournal','vwFullJournal','Journals Ledgers')
INSERT INTO [server_side_filter_config]([created_by],[created_date],[last_updated_by],[last_updated_date],[col_name],[source],[meta_info],[grid_name]) VALUES('sa',GETDATE(),NULL,NULL,'AccountCategory','vwFullJournal','vwFullJournal','Journals Ledgers')
INSERT INTO [server_side_filter_config]([created_by],[created_date],[last_updated_by],[last_updated_date],[col_name],[source],[meta_info],[grid_name]) VALUES('sa',GETDATE(),NULL,NULL,'AccountType','vwFullJournal','vwFullJournal','Journals Ledgers')
INSERT INTO [server_side_filter_config]([created_by],[created_date],[last_updated_by],[last_updated_date],[col_name],[source],[meta_info],[grid_name]) VALUES('sa',GETDATE(),NULL,NULL,'AccountName','vwFullJournal','vwFullJournal','Journals Ledgers')
INSERT INTO [server_side_filter_config]([created_by],[created_date],[last_updated_by],[last_updated_date],[col_name],[source],[meta_info],[grid_name]) VALUES('sa',GETDATE(),NULL,NULL,'fx_currency','vwFullJournal','vwFullJournal','Journals Ledgers')
INSERT INTO [server_side_filter_config]([created_by],[created_date],[last_updated_by],[last_updated_date],[col_name],[source],[meta_info],[grid_name]) VALUES('sa',GETDATE(),NULL,NULL,'CustodianCode','vwFullJournal','vwFullJournal','Journals Ledgers')
INSERT INTO [server_side_filter_config]([created_by],[created_date],[last_updated_by],[last_updated_date],[col_name],[source],[meta_info],[grid_name]) VALUES('sa',GETDATE(),NULL,NULL,'SecurityType','vwFullJournal','vwFullJournal','Journals Ledgers')
INSERT INTO [server_side_filter_config]([created_by],[created_date],[last_updated_by],[last_updated_date],[col_name],[source],[meta_info],[grid_name]) VALUES('sa',GETDATE(),NULL,NULL,'Side','vwFullJournal','vwFullJournal','Journals Ledgers')
INSERT INTO [server_side_filter_config]([created_by],[created_date],[last_updated_by],[last_updated_date],[col_name],[source],[meta_info],[grid_name]) VALUES('sa',GETDATE(),NULL,NULL,'Action','vwFullJournal','vwFullJournal','Journals Ledgers')
INSERT INTO [server_side_filter_config]([created_by],[created_date],[last_updated_by],[last_updated_date],[col_name],[source],[meta_info],[grid_name]) VALUES('sa',GETDATE(),NULL,NULL,'Event','vwFullJournal','vwFullJournal','Journals Ledgers')
INSERT INTO [server_side_filter_config]([created_by],[created_date],[last_updated_by],[last_updated_date],[col_name],[source],[meta_info],[grid_name]) VALUES('sa',GETDATE(),NULL,NULL,'Status','vwFullJournal','vwFullJournal','Journals Ledgers')
INSERT INTO [server_side_filter_config]([created_by],[created_date],[last_updated_by],[last_updated_date],[col_name],[source],[meta_info],[grid_name]) VALUES('sa',GETDATE(),NULL,NULL,'source','vwFullJournal','vwFullJournal','Journals Ledgers')
INSERT INTO [server_side_filter_config]([created_by],[created_date],[last_updated_by],[last_updated_date],[col_name],[source],[meta_info],[grid_name]) VALUES('sa',GETDATE(),NULL,NULL,'Source','vwFullJournal','vwFullJournal','Journals Ledgers')
INSERT INTO [server_side_filter_config]([created_by],[created_date],[last_updated_by],[last_updated_date],[col_name],[source],[meta_info],[grid_name]) VALUES('sa',GETDATE(),NULL,NULL,'event','vwFullJournal','vwFullJournal','Journals Ledgers')
INSERT INTO [server_side_filter_config]([created_by],[created_date],[last_updated_by],[last_updated_date],[col_name],[source],[meta_info],[grid_name]) VALUES('sa',GETDATE(),NULL,NULL,'TradeId','vwFullJournal','vwFullJournal','Journals Ledgers')
INSERT INTO [server_side_filter_config]([created_by],[created_date],[last_updated_by],[last_updated_date],[col_name],[source],[meta_info],[grid_name]) VALUES('sa',GETDATE(),NULL,NULL,'LongShort','vwFullJournal','vwFullJournal','Journals Ledgers')

-- default layouts
delete from [data_grid_layouts]

SET IDENTITY_INSERT [dbo].[data_grid_layouts] ON 
INSERT [dbo].[data_grid_layouts] ([id], [grid_id], [grid_name], [grid_layout_name], [userId], [pivot_mode], [column_state], [group_state], [sort_state], [filter_state], [external_filter_state], [is_public], [is_default]) VALUES (2, 7, N'Trade', N'trades', 1, N'false', N'[{"colId":"ag-Grid-AutoColumn","hide":false,"aggFunc":null,"width":232,"pivotIndex":null,"pinned":"left","rowGroupIndex":null},{"colId":"myName","hide":false,"aggFunc":null,"width":108,"pivotIndex":null,"pinned":null,"rowGroupIndex":null},{"colId":"LPOrderId","hide":false,"aggFunc":null,"width":270,"pivotIndex":null,"pinned":null,"rowGroupIndex":null},{"colId":"TradeDate","hide":false,"aggFunc":null,"width":200,"pivotIndex":null,"pinned":null,"rowGroupIndex":1},{"colId":"AccrualId","hide":false,"aggFunc":null,"width":110,"pivotIndex":null,"pinned":null,"rowGroupIndex":null},{"colId":"Action","hide":false,"aggFunc":null,"width":95,"pivotIndex":null,"pinned":null,"rowGroupIndex":null},{"colId":"Symbol","hide":false,"aggFunc":null,"width":102,"pivotIndex":null,"pinned":null,"rowGroupIndex":0},{"colId":"Side","hide":false,"aggFunc":null,"width":83,"pivotIndex":null,"pinned":null,"rowGroupIndex":null},{"colId":"Quantity","hide":false,"aggFunc":null,"width":122,"pivotIndex":null,"pinned":null,"rowGroupIndex":null},{"colId":"TimeInForce","hide":false,"aggFunc":null,"width":125,"pivotIndex":null,"pinned":null,"rowGroupIndex":null},{"colId":"OrderType","hide":false,"aggFunc":null,"width":116,"pivotIndex":null,"pinned":null,"rowGroupIndex":null},{"colId":"SecurityType","hide":false,"aggFunc":null,"width":127,"pivotIndex":null,"pinned":null,"rowGroupIndex":null},{"colId":"BloombergCode","hide":false,"aggFunc":null,"width":147,"pivotIndex":null,"pinned":null,"rowGroupIndex":null},{"colId":"EzeTicker","hide":false,"aggFunc":null,"width":109,"pivotIndex":null,"pinned":null,"rowGroupIndex":null},{"colId":"SecurityCode","hide":false,"aggFunc":null,"width":130,"pivotIndex":null,"pinned":null,"rowGroupIndex":null},{"colId":"CustodianCode","hide":false,"aggFunc":null,"width":142,"pivotIndex":null,"pinned":null,"rowGroupIndex":null},{"colId":"ExecutionBroker","hide":false,"aggFunc":null,"width":146,"pivotIndex":null,"pinned":null,"rowGroupIndex":null},{"colId":"TradeId","hide":false,"aggFunc":null,"width":200,"pivotIndex":null,"pinned":null,"rowGroupIndex":null},{"colId":"SecurityId","hide":false,"aggFunc":null,"width":200,"pivotIndex":null,"pinned":null,"rowGroupIndex":null},{"colId":"Fund","hide":false,"aggFunc":null,"width":200,"pivotIndex":null,"pinned":null,"rowGroupIndex":null},{"colId":"PMCode","hide":false,"aggFunc":null,"width":200,"pivotIndex":null,"pinned":null,"rowGroupIndex":null},{"colId":"PortfolioCode","hide":false,"aggFunc":null,"width":200,"pivotIndex":null,"pinned":null,"rowGroupIndex":null},{"colId":"Trader","hide":false,"aggFunc":null,"width":200,"pivotIndex":null,"pinned":null,"rowGroupIndex":null},{"colId":"TradeCurrency","hide":false,"aggFunc":null,"width":200,"pivotIndex":null,"pinned":null,"rowGroupIndex":null},{"colId":"TradePrice","hide":false,"aggFunc":null,"width":200,"pivotIndex":null,"pinned":null,"rowGroupIndex":null},{"colId":"SettleCurrency","hide":false,"aggFunc":null,"width":200,"pivotIndex":null,"pinned":null,"rowGroupIndex":null},{"colId":"SettlePrice","hide":false,"aggFunc":null,"width":200,"pivotIndex":null,"pinned":null,"rowGroupIndex":null},{"colId":"SettleDate","hide":false,"aggFunc":null,"width":200,"pivotIndex":null,"pinned":null,"rowGroupIndex":null},{"colId":"TradeType","hide":false,"aggFunc":null,"width":200,"pivotIndex":null,"pinned":null,"rowGroupIndex":null},{"colId":"TransactionCategory","hide":false,"aggFunc":null,"width":200,"pivotIndex":null,"pinned":null,"rowGroupIndex":null},{"colId":"TransactionType","hide":false,"aggFunc":null,"width":200,"pivotIndex":null,"pinned":null,"rowGroupIndex":null},{"colId":"ParentOrderId","hide":false,"aggFunc":null,"width":200,"pivotIndex":null,"pinned":null,"rowGroupIndex":null},{"colId":"ParentSymbol","hide":false,"aggFunc":null,"width":200,"pivotIndex":null,"pinned":null,"rowGroupIndex":null},{"colId":"Status","hide":false,"aggFunc":null,"width":200,"pivotIndex":null,"pinned":null,"rowGroupIndex":null},{"colId":"NetMoney","hide":false,"aggFunc":null,"width":200,"pivotIndex":null,"pinned":null,"rowGroupIndex":null},{"colId":"Commission","hide":false,"aggFunc":null,"width":200,"pivotIndex":null,"pinned":null,"rowGroupIndex":null},{"colId":"Fees","hide":false,"aggFunc":null,"width":200,"pivotIndex":null,"pinned":null,"rowGroupIndex":null},{"colId":"SettleNetMoney","hide":false,"aggFunc":null,"width":200,"pivotIndex":null,"pinned":null,"rowGroupIndex":null},{"colId":"NetPrice","hide":false,"aggFunc":null,"width":200,"pivotIndex":null,"pinned":null,"rowGroupIndex":null},{"colId":"SettleNetPrice","hide":false,"aggFunc":null,"width":200,"pivotIndex":null,"pinned":null,"rowGroupIndex":null},{"colId":"OrderSource","hide":false,"aggFunc":null,"width":200,"pivotIndex":null,"pinned":null,"rowGroupIndex":null},{"colId":"UpdatedOn","hide":false,"aggFunc":null,"width":200,"pivotIndex":null,"pinned":null,"rowGroupIndex":null},{"colId":"LocalNetNotional","hide":false,"aggFunc":null,"width":200,"pivotIndex":null,"pinned":null,"rowGroupIndex":null}]', N'[]', N'[{"colId":"TradeDate","sort":"asc"}]', N'{}', N'{}', 0, 0)
INSERT [dbo].[data_grid_layouts] ([id], [grid_id], [grid_name], [grid_layout_name], [userId], [pivot_mode], [column_state], [group_state], [sort_state], [filter_state], [external_filter_state], [is_public], [is_default]) VALUES (3, 1, N'Journals Ledgers', N'Testing Events', 1, N'false', N'[{"colId":"ag-Grid-AutoColumn","hide":false,"aggFunc":null,"width":402,"pivotIndex":null,"pinned":null,"rowGroupIndex":null},{"colId":"id","hide":true,"aggFunc":null,"width":200,"pivotIndex":null,"pinned":null,"rowGroupIndex":null},{"colId":"source","hide":true,"aggFunc":null,"width":200,"pivotIndex":null,"pinned":null,"rowGroupIndex":null},{"colId":"fund","hide":true,"aggFunc":null,"width":120,"pivotIndex":null,"pinned":null,"rowGroupIndex":null},{"colId":"AccountCategory","hide":false,"aggFunc":null,"width":100,"pivotIndex":null,"pinned":null,"rowGroupIndex":null},{"colId":"AccountType","hide":false,"aggFunc":null,"width":200,"pivotIndex":null,"pinned":null,"rowGroupIndex":1},{"colId":"accountName","hide":true,"aggFunc":null,"width":200,"pivotIndex":null,"pinned":null,"rowGroupIndex":null},{"colId":"accountDescription","hide":true,"aggFunc":null,"width":200,"pivotIndex":null,"pinned":null,"rowGroupIndex":null},{"colId":"when","hide":false,"aggFunc":null,"width":100,"pivotIndex":null,"pinned":null,"rowGroupIndex":0},{"colId":"debit","hide":false,"aggFunc":"sum","width":100,"pivotIndex":null,"pinned":null,"rowGroupIndex":null},{"colId":"credit","hide":false,"aggFunc":"sum","width":100,"pivotIndex":null,"pinned":null,"rowGroupIndex":null},{"colId":"balance","hide":false,"aggFunc":"sum","width":100,"pivotIndex":null,"pinned":null,"rowGroupIndex":null},{"colId":"quantity","hide":false,"aggFunc":"sum","width":100,"pivotIndex":null,"pinned":null,"rowGroupIndex":null},{"colId":"symbol","hide":false,"aggFunc":null,"width":200,"pivotIndex":null,"pinned":null,"rowGroupIndex":null},{"colId":"fxrate","hide":false,"aggFunc":null,"width":120,"pivotIndex":null,"pinned":null,"rowGroupIndex":null},{"colId":"event","hide":false,"aggFunc":null,"width":200,"pivotIndex":null,"pinned":null,"rowGroupIndex":null},{"colId":"security_id","hide":false,"width":200,"pivotIndex":null,"pinned":null,"rowGroupIndex":null},{"colId":"fx_currency","hide":false,"aggFunc":null,"width":200,"pivotIndex":null,"pinned":null,"rowGroupIndex":null},{"colId":"value","hide":false,"width":200,"pivotIndex":null,"pinned":null,"rowGroupIndex":null},{"colId":"start_price","hide":false,"width":200,"pivotIndex":null,"pinned":null,"rowGroupIndex":null},{"colId":"end_price","hide":false,"width":200,"pivotIndex":null,"pinned":null,"rowGroupIndex":null},{"colId":"TradeId","hide":false,"aggFunc":null,"width":200,"pivotIndex":null,"pinned":null,"rowGroupIndex":null},{"colId":"Action","hide":false,"aggFunc":null,"width":200,"pivotIndex":null,"pinned":null,"rowGroupIndex":null},{"colId":"Status","hide":false,"aggFunc":null,"width":200,"pivotIndex":null,"pinned":null,"rowGroupIndex":null},{"colId":"CustodianCode","hide":false,"aggFunc":null,"width":200,"pivotIndex":null,"pinned":null,"rowGroupIndex":null},{"colId":"SecurityType","hide":false,"aggFunc":null,"width":200,"pivotIndex":null,"pinned":null,"rowGroupIndex":null}]', N'[]', N'[{"colId":"when","sort":"desc"}]', N'{}', N'{"fundFilter":"All Funds","symbolFilter":"BJRI","zeroBalanceFilter":0,"absoluteSortingModel":{"sortingApplied":false,"sortingOn":[]},"dateFilter":{"startDate":"","endDate":""}}', 0, 0)
INSERT [dbo].[data_grid_layouts] ([id], [grid_id], [grid_name], [grid_layout_name], [userId], [pivot_mode], [column_state], [group_state], [sort_state], [filter_state], [external_filter_state], [is_public], [is_default]) VALUES (4, 1, N'Journals Ledgers', N'Default', 1, N'false', N'[{"colId":"TradeDate","hide":true,"aggFunc":null,"width":156,"pivotIndex":null,"pinned":null,"rowGroupIndex":null},{"colId":"SettleDate","hide":true,"aggFunc":null,"width":156,"pivotIndex":null,"pinned":null,"rowGroupIndex":null},{"colId":"is_account_to","hide":true,"aggFunc":null,"width":131,"pivotIndex":null,"pinned":null,"rowGroupIndex":null},{"colId":"Side","hide":true,"aggFunc":null,"width":83,"pivotIndex":null,"pinned":null,"rowGroupIndex":null},{"colId":"ag-Grid-AutoColumn","hide":false,"aggFunc":null,"width":421,"pivotIndex":null,"pinned":"left","rowGroupIndex":null},{"colId":"id","hide":false,"aggFunc":null,"width":71,"pivotIndex":null,"pinned":null,"rowGroupIndex":null},{"colId":"source","hide":false,"aggFunc":null,"width":300,"pivotIndex":null,"pinned":null,"rowGroupIndex":null},{"colId":"fund","hide":false,"aggFunc":null,"width":87,"pivotIndex":null,"pinned":null,"rowGroupIndex":null},{"colId":"AccountCategory","hide":false,"aggFunc":null,"width":108,"pivotIndex":null,"pinned":null,"rowGroupIndex":0},{"colId":"AccountType","hide":false,"aggFunc":null,"width":85,"pivotIndex":null,"pinned":null,"rowGroupIndex":1},{"colId":"accountName","hide":false,"aggFunc":null,"width":139,"pivotIndex":null,"pinned":null,"rowGroupIndex":null},{"colId":"accountDescription","hide":false,"aggFunc":null,"width":168,"pivotIndex":null,"pinned":null,"rowGroupIndex":null},{"colId":"when","hide":false,"aggFunc":null,"width":89,"pivotIndex":null,"pinned":null,"rowGroupIndex":3},{"colId":"debit","hide":false,"aggFunc":"sum","width":130,"pivotIndex":null,"pinned":null,"rowGroupIndex":null},{"colId":"credit","hide":false,"aggFunc":"sum","width":130,"pivotIndex":null,"pinned":null,"rowGroupIndex":null},{"colId":"balance","hide":false,"aggFunc":"sum","width":108,"pivotIndex":null,"pinned":null,"rowGroupIndex":null},{"colId":"quantity","hide":true,"aggFunc":"sum","width":106,"pivotIndex":null,"pinned":null,"rowGroupIndex":null},{"colId":"symbol","hide":false,"aggFunc":null,"width":100,"pivotIndex":null,"pinned":null,"rowGroupIndex":2},{"colId":"fxrate","hide":false,"aggFunc":null,"width":99,"pivotIndex":null,"pinned":null,"rowGroupIndex":null},{"colId":"event","hide":false,"aggFunc":null,"width":90,"pivotIndex":null,"pinned":null,"rowGroupIndex":null},{"colId":"security_id","hide":false,"aggFunc":null,"width":116,"pivotIndex":null,"pinned":null,"rowGroupIndex":null},{"colId":"fx_currency","hide":false,"aggFunc":null,"width":120,"pivotIndex":null,"pinned":null,"rowGroupIndex":null},{"colId":"value","hide":false,"aggFunc":null,"width":88,"pivotIndex":null,"pinned":null,"rowGroupIndex":null},{"colId":"start_price","hide":false,"aggFunc":null,"width":115,"pivotIndex":null,"pinned":null,"rowGroupIndex":null},{"colId":"end_price","hide":false,"aggFunc":null,"width":112,"pivotIndex":null,"pinned":null,"rowGroupIndex":null},{"colId":"TradeId","hide":false,"aggFunc":null,"width":100,"pivotIndex":null,"pinned":null,"rowGroupIndex":null},{"colId":"Action","hide":false,"aggFunc":null,"width":95,"pivotIndex":null,"pinned":null,"rowGroupIndex":null},{"colId":"Status","hide":false,"aggFunc":null,"width":93,"pivotIndex":null,"pinned":null,"rowGroupIndex":null},{"colId":"CustodianCode","hide":false,"aggFunc":null,"width":142,"pivotIndex":null,"pinned":null,"rowGroupIndex":null},{"colId":"SecurityType","hide":false,"aggFunc":null,"width":127,"pivotIndex":null,"pinned":null,"rowGroupIndex":null}]', N'[]', N'[]', N'{}', N'{"fundFilter":"All Funds","symbolFilter":"","zeroBalanceFilter":0,"absoluteSortingModel":{"sortingApplied":false,"sortingOn":[]},"dateFilter":{"startDate":"","endDate":""}}', 0, 0)
INSERT [dbo].[data_grid_layouts] ([id], [grid_id], [grid_name], [grid_layout_name], [userId], [pivot_mode], [column_state], [group_state], [sort_state], [filter_state], [external_filter_state], [is_public], [is_default]) VALUES (5, 1, N'Journals Ledgers', N'TOP Level NAV', 1, N'false', N'[{"colId":"Side","hide":true,"aggFunc":null,"width":83,"pivotIndex":null,"pinned":null,"rowGroupIndex":null},{"colId":"ag-Grid-AutoColumn","hide":false,"aggFunc":null,"width":421,"pivotIndex":null,"pinned":null,"rowGroupIndex":null},{"colId":"id","hide":true,"aggFunc":null,"width":71,"pivotIndex":null,"pinned":null,"rowGroupIndex":null},{"colId":"source","hide":true,"aggFunc":null,"width":300,"pivotIndex":null,"pinned":null,"rowGroupIndex":null},{"colId":"fund","hide":true,"aggFunc":null,"width":87,"pivotIndex":null,"pinned":null,"rowGroupIndex":null},{"colId":"AccountCategory","hide":false,"aggFunc":null,"width":128,"pivotIndex":null,"pinned":null,"rowGroupIndex":0},{"colId":"AccountType","hide":false,"aggFunc":null,"width":330,"pivotIndex":null,"pinned":null,"rowGroupIndex":1},{"colId":"accountName","hide":false,"aggFunc":null,"width":139,"pivotIndex":null,"pinned":null,"rowGroupIndex":null},{"colId":"accountDescription","hide":false,"aggFunc":null,"width":168,"pivotIndex":null,"pinned":null,"rowGroupIndex":null},{"colId":"when","hide":false,"aggFunc":null,"width":106,"pivotIndex":null,"pinned":null,"rowGroupIndex":3},{"colId":"debit","hide":false,"aggFunc":"sum","width":140,"pivotIndex":null,"pinned":null,"rowGroupIndex":null},{"colId":"credit","hide":false,"aggFunc":"sum","width":140,"pivotIndex":null,"pinned":null,"rowGroupIndex":null},{"colId":"balance","hide":false,"aggFunc":"sum","width":137,"pivotIndex":null,"pinned":null,"rowGroupIndex":null},{"colId":"quantity","hide":false,"aggFunc":"sum","width":144,"pivotIndex":null,"pinned":null,"rowGroupIndex":null},{"colId":"symbol","hide":false,"aggFunc":null,"width":100,"pivotIndex":null,"pinned":null,"rowGroupIndex":2},{"colId":"fxrate","hide":false,"aggFunc":null,"width":99,"pivotIndex":null,"pinned":null,"rowGroupIndex":null},{"colId":"event","hide":false,"aggFunc":null,"width":90,"pivotIndex":null,"pinned":null,"rowGroupIndex":null},{"colId":"security_id","hide":false,"aggFunc":null,"width":116,"pivotIndex":null,"pinned":null,"rowGroupIndex":null},{"colId":"fx_currency","hide":false,"aggFunc":null,"width":120,"pivotIndex":null,"pinned":null,"rowGroupIndex":null},{"colId":"value","hide":false,"aggFunc":null,"width":88,"pivotIndex":null,"pinned":null,"rowGroupIndex":null},{"colId":"start_price","hide":false,"aggFunc":null,"width":115,"pivotIndex":null,"pinned":null,"rowGroupIndex":null},{"colId":"end_price","hide":false,"aggFunc":null,"width":112,"pivotIndex":null,"pinned":null,"rowGroupIndex":null},{"colId":"TradeId","hide":false,"aggFunc":null,"width":100,"pivotIndex":null,"pinned":null,"rowGroupIndex":null},{"colId":"Action","hide":false,"aggFunc":null,"width":95,"pivotIndex":null,"pinned":null,"rowGroupIndex":null},{"colId":"Status","hide":false,"aggFunc":null,"width":93,"pivotIndex":null,"pinned":null,"rowGroupIndex":null},{"colId":"CustodianCode","hide":false,"aggFunc":null,"width":142,"pivotIndex":null,"pinned":null,"rowGroupIndex":null},{"colId":"SecurityType","hide":false,"aggFunc":null,"width":127,"pivotIndex":null,"pinned":null,"rowGroupIndex":null}]', N'[]', N'[]', N'{"AccountCategory":{"values":["Asset","Liability"],"filterType":"set"}}', N'{"fundFilter":"All Funds","symbolFilter":"","zeroBalanceFilter":0,"absoluteSortingModel":{"sortingApplied":false,"sortingOn":[]},"dateFilter":{"startDate":"","endDate":""}}', 0, 0)
INSERT [dbo].[data_grid_layouts] ([id], [grid_id], [grid_name], [grid_layout_name], [userId], [pivot_mode], [column_state], [group_state], [sort_state], [filter_state], [external_filter_state], [is_public], [is_default]) VALUES (6, 1, N'Journals Ledgers', N'Bobby-Default', 1, N'false', N'[{"colId":"ag-Grid-AutoColumn","hide":false,"aggFunc":null,"width":421,"pivotIndex":null,"pinned":"left","rowGroupIndex":null},{"colId":"id","hide":false,"aggFunc":null,"width":90,"pivotIndex":null,"pinned":null,"rowGroupIndex":null},{"colId":"source","hide":false,"aggFunc":null,"width":300,"pivotIndex":null,"pinned":null,"rowGroupIndex":null},{"colId":"fund","hide":false,"aggFunc":null,"width":87,"pivotIndex":null,"pinned":null,"rowGroupIndex":null},{"colId":"AccountCategory","hide":false,"aggFunc":null,"width":108,"pivotIndex":null,"pinned":null,"rowGroupIndex":0},{"colId":"AccountType","hide":false,"aggFunc":null,"width":135,"pivotIndex":null,"pinned":null,"rowGroupIndex":1},{"colId":"accountName","hide":false,"aggFunc":null,"width":175,"pivotIndex":null,"pinned":null,"rowGroupIndex":null},{"colId":"accountDescription","hide":false,"aggFunc":null,"width":168,"pivotIndex":null,"pinned":null,"rowGroupIndex":null},{"colId":"when","hide":false,"aggFunc":null,"width":106,"pivotIndex":null,"pinned":null,"rowGroupIndex":null},{"colId":"debit","hide":false,"aggFunc":"sum","width":140,"pivotIndex":null,"pinned":null,"rowGroupIndex":null},{"colId":"credit","hide":false,"aggFunc":"sum","width":140,"pivotIndex":null,"pinned":null,"rowGroupIndex":null},{"colId":"balance","hide":false,"aggFunc":"sum","width":124,"pivotIndex":null,"pinned":null,"rowGroupIndex":null},{"colId":"quantity","hide":true,"aggFunc":"sum","width":115,"pivotIndex":null,"pinned":null,"rowGroupIndex":null},{"colId":"symbol","hide":false,"aggFunc":null,"width":100,"pivotIndex":null,"pinned":null,"rowGroupIndex":2},{"colId":"fxrate","hide":false,"aggFunc":null,"width":99,"pivotIndex":null,"pinned":null,"rowGroupIndex":null},{"colId":"event","hide":false,"aggFunc":null,"width":146,"pivotIndex":null,"pinned":null,"rowGroupIndex":null},{"colId":"security_id","hide":false,"width":116,"pivotIndex":null,"pinned":null,"rowGroupIndex":null},{"colId":"fx_currency","hide":false,"aggFunc":null,"width":120,"pivotIndex":null,"pinned":null,"rowGroupIndex":null},{"colId":"value","hide":false,"width":115,"pivotIndex":null,"pinned":null,"rowGroupIndex":null},{"colId":"start_price","hide":false,"width":115,"pivotIndex":null,"pinned":null,"rowGroupIndex":null},{"colId":"end_price","hide":false,"width":112,"pivotIndex":null,"pinned":null,"rowGroupIndex":null},{"colId":"is_account_to","hide":false,"aggFunc":null,"width":131,"pivotIndex":null,"pinned":null,"rowGroupIndex":null},{"colId":"TradeId","hide":false,"aggFunc":null,"width":100,"pivotIndex":null,"pinned":null,"rowGroupIndex":null},{"colId":"Action","hide":false,"aggFunc":null,"width":95,"pivotIndex":null,"pinned":null,"rowGroupIndex":null},{"colId":"Status","hide":false,"aggFunc":null,"width":93,"pivotIndex":null,"pinned":null,"rowGroupIndex":null},{"colId":"CustodianCode","hide":false,"aggFunc":null,"width":142,"pivotIndex":null,"pinned":null,"rowGroupIndex":null},{"colId":"SecurityType","hide":false,"aggFunc":null,"width":127,"pivotIndex":null,"pinned":null,"rowGroupIndex":null},{"colId":"Side","hide":false,"aggFunc":null,"width":83,"pivotIndex":null,"pinned":null,"rowGroupIndex":null}]', N'[]', N'[]', N'{}', N'{"fundFilter":"All Funds","symbolFilter":"","zeroBalanceFilter":0,"absoluteSortingModel":{"sortingApplied":false,"sortingOn":[]},"dateFilter":{"startDate":"","endDate":""}}', 0, 0)
INSERT [dbo].[data_grid_layouts] ([id], [grid_id], [grid_name], [grid_layout_name], [userId], [pivot_mode], [column_state], [group_state], [sort_state], [filter_state], [external_filter_state], [is_public], [is_default]) VALUES (7, 1, N'Journals Ledgers', N'Bobby-NAV', 1, N'false', N'[{"colId":"ag-Grid-AutoColumn","hide":false,"aggFunc":null,"width":488,"pivotIndex":null,"pinned":"left","rowGroupIndex":null},{"colId":"TradeDate","hide":false,"aggFunc":null,"width":200,"pivotIndex":null,"pinned":null,"rowGroupIndex":null},{"colId":"SettleDate","hide":true,"aggFunc":null,"width":200,"pivotIndex":null,"pinned":null,"rowGroupIndex":null},{"colId":"id","hide":false,"aggFunc":null,"width":90,"pivotIndex":null,"pinned":null,"rowGroupIndex":null},{"colId":"source","hide":false,"aggFunc":null,"width":300,"pivotIndex":null,"pinned":null,"rowGroupIndex":4},{"colId":"fund","hide":false,"aggFunc":null,"width":87,"pivotIndex":null,"pinned":null,"rowGroupIndex":null},{"colId":"AccountCategory","hide":false,"aggFunc":null,"width":108,"pivotIndex":null,"pinned":null,"rowGroupIndex":0},{"colId":"AccountType","hide":false,"aggFunc":null,"width":135,"pivotIndex":null,"pinned":null,"rowGroupIndex":1},{"colId":"accountName","hide":false,"aggFunc":null,"width":175,"pivotIndex":null,"pinned":null,"rowGroupIndex":null},{"colId":"accountDescription","hide":false,"aggFunc":null,"width":168,"pivotIndex":null,"pinned":null,"rowGroupIndex":null},{"colId":"when","hide":false,"aggFunc":null,"width":106,"pivotIndex":null,"pinned":null,"rowGroupIndex":null},{"colId":"debit","hide":false,"aggFunc":"sum","width":140,"pivotIndex":null,"pinned":null,"rowGroupIndex":null},{"colId":"credit","hide":false,"aggFunc":"sum","width":140,"pivotIndex":null,"pinned":null,"rowGroupIndex":null},{"colId":"balance","hide":false,"aggFunc":"sum","width":124,"pivotIndex":null,"pinned":null,"rowGroupIndex":null},{"colId":"quantity","hide":true,"aggFunc":"sum","width":115,"pivotIndex":null,"pinned":null,"rowGroupIndex":null},{"colId":"symbol","hide":false,"aggFunc":null,"width":100,"pivotIndex":null,"pinned":null,"rowGroupIndex":2},{"colId":"fxrate","hide":false,"aggFunc":null,"width":99,"pivotIndex":null,"pinned":null,"rowGroupIndex":null},{"colId":"event","hide":false,"aggFunc":null,"width":146,"pivotIndex":null,"pinned":null,"rowGroupIndex":3},{"colId":"security_id","hide":false,"aggFunc":null,"width":116,"pivotIndex":null,"pinned":null,"rowGroupIndex":null},{"colId":"fx_currency","hide":false,"aggFunc":null,"width":120,"pivotIndex":null,"pinned":null,"rowGroupIndex":null},{"colId":"value","hide":false,"aggFunc":null,"width":115,"pivotIndex":null,"pinned":null,"rowGroupIndex":null},{"colId":"start_price","hide":false,"aggFunc":null,"width":115,"pivotIndex":null,"pinned":null,"rowGroupIndex":null},{"colId":"end_price","hide":false,"aggFunc":null,"width":112,"pivotIndex":null,"pinned":null,"rowGroupIndex":null},{"colId":"is_account_to","hide":false,"aggFunc":null,"width":131,"pivotIndex":null,"pinned":null,"rowGroupIndex":null},{"colId":"TradeId","hide":false,"aggFunc":null,"width":100,"pivotIndex":null,"pinned":null,"rowGroupIndex":null},{"colId":"Action","hide":false,"aggFunc":null,"width":95,"pivotIndex":null,"pinned":null,"rowGroupIndex":null},{"colId":"Status","hide":false,"aggFunc":null,"width":93,"pivotIndex":null,"pinned":null,"rowGroupIndex":null},{"colId":"CustodianCode","hide":false,"aggFunc":null,"width":142,"pivotIndex":null,"pinned":null,"rowGroupIndex":null},{"colId":"SecurityType","hide":false,"aggFunc":null,"width":127,"pivotIndex":null,"pinned":null,"rowGroupIndex":null},{"colId":"Side","hide":false,"aggFunc":null,"width":83,"pivotIndex":null,"pinned":null,"rowGroupIndex":null}]', N'[]', N'[]', N'{"AccountCategory":{"values":["Asset","Liability"],"filterType":"set"}}', N'{"fundFilter":"All Funds","symbolFilter":"bb fp","zeroBalanceFilter":0,"absoluteSortingModel":{"sortingApplied":false,"sortingOn":[]},"dateFilter":{"startDate":"2019-04-01","endDate":"2019-12-31"}}', 0, 0)
INSERT [dbo].[data_grid_layouts] ([id], [grid_id], [grid_name], [grid_layout_name], [userId], [pivot_mode], [column_state], [group_state], [sort_state], [filter_state], [external_filter_state], [is_public], [is_default]) VALUES (8, 1, N'Journals Ledgers', N'Bobby-Balance Sheet', 1, N'false', N'[{"colId":"ag-Grid-AutoColumn","hide":false,"aggFunc":null,"width":421,"pivotIndex":null,"pinned":"left","rowGroupIndex":null},{"colId":"id","hide":false,"aggFunc":null,"width":90,"pivotIndex":null,"pinned":null,"rowGroupIndex":null},{"colId":"source","hide":false,"aggFunc":null,"width":300,"pivotIndex":null,"pinned":null,"rowGroupIndex":null},{"colId":"fund","hide":false,"aggFunc":null,"width":87,"pivotIndex":null,"pinned":null,"rowGroupIndex":null},{"colId":"AccountCategory","hide":false,"aggFunc":null,"width":108,"pivotIndex":null,"pinned":null,"rowGroupIndex":0},{"colId":"AccountType","hide":false,"aggFunc":null,"width":135,"pivotIndex":null,"pinned":null,"rowGroupIndex":1},{"colId":"accountName","hide":false,"aggFunc":null,"width":175,"pivotIndex":null,"pinned":null,"rowGroupIndex":null},{"colId":"accountDescription","hide":false,"aggFunc":null,"width":168,"pivotIndex":null,"pinned":null,"rowGroupIndex":null},{"colId":"when","hide":false,"aggFunc":null,"width":106,"pivotIndex":null,"pinned":null,"rowGroupIndex":null},{"colId":"debit","hide":false,"aggFunc":"sum","width":140,"pivotIndex":null,"pinned":null,"rowGroupIndex":null},{"colId":"credit","hide":false,"aggFunc":"sum","width":140,"pivotIndex":null,"pinned":null,"rowGroupIndex":null},{"colId":"balance","hide":false,"aggFunc":"sum","width":124,"pivotIndex":null,"pinned":null,"rowGroupIndex":null},{"colId":"quantity","hide":true,"aggFunc":"sum","width":115,"pivotIndex":null,"pinned":null,"rowGroupIndex":null},{"colId":"symbol","hide":false,"aggFunc":null,"width":100,"pivotIndex":null,"pinned":null,"rowGroupIndex":2},{"colId":"fxrate","hide":false,"aggFunc":null,"width":99,"pivotIndex":null,"pinned":null,"rowGroupIndex":null},{"colId":"event","hide":false,"aggFunc":null,"width":146,"pivotIndex":null,"pinned":null,"rowGroupIndex":null},{"colId":"security_id","hide":false,"width":116,"pivotIndex":null,"pinned":null,"rowGroupIndex":null},{"colId":"fx_currency","hide":false,"aggFunc":null,"width":120,"pivotIndex":null,"pinned":null,"rowGroupIndex":null},{"colId":"value","hide":false,"width":115,"pivotIndex":null,"pinned":null,"rowGroupIndex":null},{"colId":"start_price","hide":false,"width":115,"pivotIndex":null,"pinned":null,"rowGroupIndex":null},{"colId":"end_price","hide":false,"width":112,"pivotIndex":null,"pinned":null,"rowGroupIndex":null},{"colId":"is_account_to","hide":false,"aggFunc":null,"width":131,"pivotIndex":null,"pinned":null,"rowGroupIndex":null},{"colId":"TradeId","hide":false,"aggFunc":null,"width":100,"pivotIndex":null,"pinned":null,"rowGroupIndex":null},{"colId":"Action","hide":false,"aggFunc":null,"width":95,"pivotIndex":null,"pinned":null,"rowGroupIndex":null},{"colId":"Status","hide":false,"aggFunc":null,"width":93,"pivotIndex":null,"pinned":null,"rowGroupIndex":null},{"colId":"CustodianCode","hide":false,"aggFunc":null,"width":142,"pivotIndex":null,"pinned":null,"rowGroupIndex":null},{"colId":"SecurityType","hide":false,"aggFunc":null,"width":127,"pivotIndex":null,"pinned":null,"rowGroupIndex":null},{"colId":"Side","hide":false,"aggFunc":null,"width":83,"pivotIndex":null,"pinned":null,"rowGroupIndex":null}]', N'[]', N'[{"colId":"AccountCategory","sort":"desc"}]', N'{"AccountCategory":{"values":["Asset","Liability","Equity"],"filterType":"set"}}', N'{"fundFilter":"All Funds","symbolFilter":"","zeroBalanceFilter":0,"absoluteSortingModel":{"sortingApplied":false,"sortingOn":[]},"dateFilter":{"startDate":"","endDate":""}}', 0, 0)
INSERT [dbo].[data_grid_layouts] ([id], [grid_id], [grid_name], [grid_layout_name], [userId], [pivot_mode], [column_state], [group_state], [sort_state], [filter_state], [external_filter_state], [is_public], [is_default]) VALUES (9, 1, N'Journals Ledgers', N'Bobby-Income Statement', 1, N'false', N'[{"colId":"ag-Grid-AutoColumn","hide":false,"aggFunc":null,"width":421,"pivotIndex":null,"pinned":"left","rowGroupIndex":null},{"colId":"id","hide":false,"aggFunc":null,"width":90,"pivotIndex":null,"pinned":null,"rowGroupIndex":null},{"colId":"source","hide":false,"aggFunc":null,"width":300,"pivotIndex":null,"pinned":null,"rowGroupIndex":null},{"colId":"fund","hide":false,"aggFunc":null,"width":87,"pivotIndex":null,"pinned":null,"rowGroupIndex":null},{"colId":"AccountCategory","hide":false,"aggFunc":null,"width":108,"pivotIndex":null,"pinned":null,"rowGroupIndex":0},{"colId":"AccountType","hide":false,"aggFunc":null,"width":135,"pivotIndex":null,"pinned":null,"rowGroupIndex":1},{"colId":"accountName","hide":false,"aggFunc":null,"width":175,"pivotIndex":null,"pinned":null,"rowGroupIndex":2},{"colId":"accountDescription","hide":false,"aggFunc":null,"width":168,"pivotIndex":null,"pinned":null,"rowGroupIndex":null},{"colId":"when","hide":false,"aggFunc":null,"width":106,"pivotIndex":null,"pinned":null,"rowGroupIndex":null},{"colId":"debit","hide":false,"aggFunc":"sum","width":140,"pivotIndex":null,"pinned":null,"rowGroupIndex":null},{"colId":"credit","hide":false,"aggFunc":"sum","width":140,"pivotIndex":null,"pinned":null,"rowGroupIndex":null},{"colId":"balance","hide":false,"aggFunc":"sum","width":124,"pivotIndex":null,"pinned":null,"rowGroupIndex":null},{"colId":"quantity","hide":true,"aggFunc":"sum","width":115,"pivotIndex":null,"pinned":null,"rowGroupIndex":null},{"colId":"symbol","hide":false,"aggFunc":null,"width":100,"pivotIndex":null,"pinned":null,"rowGroupIndex":null},{"colId":"fxrate","hide":false,"aggFunc":null,"width":99,"pivotIndex":null,"pinned":null,"rowGroupIndex":null},{"colId":"event","hide":false,"aggFunc":null,"width":146,"pivotIndex":null,"pinned":null,"rowGroupIndex":null},{"colId":"security_id","hide":false,"aggFunc":null,"width":116,"pivotIndex":null,"pinned":null,"rowGroupIndex":null},{"colId":"fx_currency","hide":false,"aggFunc":null,"width":120,"pivotIndex":null,"pinned":null,"rowGroupIndex":null},{"colId":"value","hide":false,"aggFunc":null,"width":115,"pivotIndex":null,"pinned":null,"rowGroupIndex":null},{"colId":"start_price","hide":false,"aggFunc":null,"width":115,"pivotIndex":null,"pinned":null,"rowGroupIndex":null},{"colId":"end_price","hide":false,"aggFunc":null,"width":112,"pivotIndex":null,"pinned":null,"rowGroupIndex":null},{"colId":"is_account_to","hide":false,"aggFunc":null,"width":131,"pivotIndex":null,"pinned":null,"rowGroupIndex":null},{"colId":"TradeId","hide":false,"aggFunc":null,"width":100,"pivotIndex":null,"pinned":null,"rowGroupIndex":null},{"colId":"Action","hide":false,"aggFunc":null,"width":95,"pivotIndex":null,"pinned":null,"rowGroupIndex":null},{"colId":"Status","hide":false,"aggFunc":null,"width":93,"pivotIndex":null,"pinned":null,"rowGroupIndex":null},{"colId":"CustodianCode","hide":false,"aggFunc":null,"width":142,"pivotIndex":null,"pinned":null,"rowGroupIndex":null},{"colId":"SecurityType","hide":false,"aggFunc":null,"width":127,"pivotIndex":null,"pinned":null,"rowGroupIndex":null},{"colId":"Side","hide":false,"aggFunc":null,"width":83,"pivotIndex":null,"pinned":null,"rowGroupIndex":null}]', N'[]', N'[{"colId":"ag-Grid-AutoColumn","sort":"asc"}]', N'{"AccountCategory":{"values":["Expenses","Revenues"],"filterType":"set"}}', N'{"fundFilter":"All Funds","symbolFilter":"","zeroBalanceFilter":0,"absoluteSortingModel":{"sortingApplied":false,"sortingOn":[]},"dateFilter":{"startDate":"","endDate":""}}', 0, 0)
INSERT [dbo].[data_grid_layouts] ([id], [grid_id], [grid_name], [grid_layout_name], [userId], [pivot_mode], [column_state], [group_state], [sort_state], [filter_state], [external_filter_state], [is_public], [is_default]) VALUES (10, 1, N'Journals Ledgers', N'Bobby-Currency Balances', 1, N'false', N'[{"colId":"ag-Grid-AutoColumn","hide":false,"aggFunc":null,"width":421,"pivotIndex":null,"pinned":"left","rowGroupIndex":null},{"colId":"id","hide":false,"aggFunc":null,"width":90,"pivotIndex":null,"pinned":null,"rowGroupIndex":null},{"colId":"source","hide":false,"aggFunc":null,"width":300,"pivotIndex":null,"pinned":null,"rowGroupIndex":null},{"colId":"fund","hide":false,"aggFunc":null,"width":87,"pivotIndex":null,"pinned":null,"rowGroupIndex":null},{"colId":"AccountCategory","hide":false,"aggFunc":null,"width":108,"pivotIndex":null,"pinned":null,"rowGroupIndex":0},{"colId":"AccountType","hide":false,"aggFunc":null,"width":135,"pivotIndex":null,"pinned":null,"rowGroupIndex":2},{"colId":"accountName","hide":false,"aggFunc":null,"width":175,"pivotIndex":null,"pinned":null,"rowGroupIndex":null},{"colId":"accountDescription","hide":false,"aggFunc":null,"width":168,"pivotIndex":null,"pinned":null,"rowGroupIndex":null},{"colId":"when","hide":false,"aggFunc":null,"width":106,"pivotIndex":null,"pinned":null,"rowGroupIndex":3},{"colId":"debit","hide":false,"aggFunc":"sum","width":140,"pivotIndex":null,"pinned":null,"rowGroupIndex":null},{"colId":"credit","hide":false,"aggFunc":"sum","width":140,"pivotIndex":null,"pinned":null,"rowGroupIndex":null},{"colId":"balance","hide":false,"aggFunc":"sum","width":124,"pivotIndex":null,"pinned":null,"rowGroupIndex":null},{"colId":"quantity","hide":true,"aggFunc":"sum","width":115,"pivotIndex":null,"pinned":null,"rowGroupIndex":null},{"colId":"symbol","hide":false,"aggFunc":null,"width":100,"pivotIndex":null,"pinned":null,"rowGroupIndex":null},{"colId":"fxrate","hide":false,"aggFunc":null,"width":99,"pivotIndex":null,"pinned":null,"rowGroupIndex":null},{"colId":"event","hide":false,"aggFunc":null,"width":146,"pivotIndex":null,"pinned":null,"rowGroupIndex":null},{"colId":"security_id","hide":false,"aggFunc":null,"width":116,"pivotIndex":null,"pinned":null,"rowGroupIndex":null},{"colId":"fx_currency","hide":false,"aggFunc":null,"width":120,"pivotIndex":null,"pinned":null,"rowGroupIndex":1},{"colId":"value","hide":false,"aggFunc":null,"width":115,"pivotIndex":null,"pinned":null,"rowGroupIndex":null},{"colId":"start_price","hide":false,"aggFunc":null,"width":115,"pivotIndex":null,"pinned":null,"rowGroupIndex":null},{"colId":"end_price","hide":false,"aggFunc":null,"width":112,"pivotIndex":null,"pinned":null,"rowGroupIndex":null},{"colId":"is_account_to","hide":false,"aggFunc":null,"width":131,"pivotIndex":null,"pinned":null,"rowGroupIndex":null},{"colId":"TradeId","hide":false,"aggFunc":null,"width":100,"pivotIndex":null,"pinned":null,"rowGroupIndex":null},{"colId":"Action","hide":false,"aggFunc":null,"width":95,"pivotIndex":null,"pinned":null,"rowGroupIndex":null},{"colId":"Status","hide":false,"aggFunc":null,"width":93,"pivotIndex":null,"pinned":null,"rowGroupIndex":null},{"colId":"CustodianCode","hide":false,"aggFunc":null,"width":142,"pivotIndex":null,"pinned":null,"rowGroupIndex":null},{"colId":"SecurityType","hide":false,"aggFunc":null,"width":127,"pivotIndex":null,"pinned":null,"rowGroupIndex":null},{"colId":"Side","hide":false,"aggFunc":null,"width":83,"pivotIndex":null,"pinned":null,"rowGroupIndex":null}]', N'[]', N'[{"colId":"AccountType","sort":"asc"}]', N'{"AccountCategory":{"values":["Asset","Liability","Revenues"],"filterType":"set"},"AccountType":{"values":["Settled Cash","DUE FROM/(TO) PRIME BROKERS ( Unsettled Activity )","fx gain or loss on settled balance","fx gain or loss on unsettled balance"],"filterType":"set"}}', N'{"fundFilter":"All Funds","symbolFilter":"","zeroBalanceFilter":0,"absoluteSortingModel":{"sortingApplied":false,"sortingOn":[]},"dateFilter":{"startDate":"","endDate":""}}', 0, 0)
INSERT [dbo].[data_grid_layouts] ([id], [grid_id], [grid_name], [grid_layout_name], [userId], [pivot_mode], [column_state], [group_state], [sort_state], [filter_state], [external_filter_state], [is_public], [is_default]) VALUES (11, 1, N'Journals Ledgers', N'Bobby-Swaps', 1, N'false', N'[{"colId":"ag-Grid-AutoColumn","hide":false,"aggFunc":null,"width":465,"pivotIndex":null,"pinned":"left","rowGroupIndex":null},{"colId":"id","hide":false,"aggFunc":null,"width":90,"pivotIndex":null,"pinned":null,"rowGroupIndex":null},{"colId":"source","hide":false,"aggFunc":null,"width":300,"pivotIndex":null,"pinned":null,"rowGroupIndex":1},{"colId":"fund","hide":false,"aggFunc":null,"width":87,"pivotIndex":null,"pinned":null,"rowGroupIndex":null},{"colId":"AccountCategory","hide":false,"aggFunc":null,"width":108,"pivotIndex":null,"pinned":null,"rowGroupIndex":2},{"colId":"AccountType","hide":false,"aggFunc":null,"width":387,"pivotIndex":null,"pinned":null,"rowGroupIndex":3},{"colId":"accountName","hide":false,"aggFunc":null,"width":425,"pivotIndex":null,"pinned":null,"rowGroupIndex":null},{"colId":"accountDescription","hide":false,"aggFunc":null,"width":168,"pivotIndex":null,"pinned":null,"rowGroupIndex":null},{"colId":"when","hide":false,"aggFunc":null,"width":106,"pivotIndex":null,"pinned":null,"rowGroupIndex":null},{"colId":"debit","hide":false,"aggFunc":"sum","width":116,"pivotIndex":null,"pinned":null,"rowGroupIndex":null},{"colId":"credit","hide":false,"aggFunc":"sum","width":116,"pivotIndex":null,"pinned":null,"rowGroupIndex":null},{"colId":"balance","hide":false,"aggFunc":"sum","width":108,"pivotIndex":null,"pinned":null,"rowGroupIndex":null},{"colId":"quantity","hide":false,"aggFunc":"sum","width":106,"pivotIndex":null,"pinned":null,"rowGroupIndex":null},{"colId":"symbol","hide":false,"aggFunc":null,"width":120,"pivotIndex":null,"pinned":null,"rowGroupIndex":0},{"colId":"fxrate","hide":false,"aggFunc":null,"width":99,"pivotIndex":null,"pinned":null,"rowGroupIndex":null},{"colId":"event","hide":false,"aggFunc":null,"width":142,"pivotIndex":null,"pinned":null,"rowGroupIndex":null},{"colId":"security_id","hide":false,"aggFunc":null,"width":116,"pivotIndex":null,"pinned":null,"rowGroupIndex":null},{"colId":"fx_currency","hide":false,"aggFunc":null,"width":120,"pivotIndex":null,"pinned":null,"rowGroupIndex":null},{"colId":"value","hide":false,"aggFunc":null,"width":88,"pivotIndex":null,"pinned":null,"rowGroupIndex":null},{"colId":"start_price","hide":false,"aggFunc":null,"width":115,"pivotIndex":null,"pinned":null,"rowGroupIndex":null},{"colId":"end_price","hide":false,"aggFunc":null,"width":112,"pivotIndex":null,"pinned":null,"rowGroupIndex":null},{"colId":"is_account_to","hide":false,"aggFunc":null,"width":131,"pivotIndex":null,"pinned":null,"rowGroupIndex":null},{"colId":"TradeId","hide":false,"aggFunc":null,"width":261,"pivotIndex":null,"pinned":null,"rowGroupIndex":null},{"colId":"Action","hide":false,"aggFunc":null,"width":95,"pivotIndex":null,"pinned":null,"rowGroupIndex":null},{"colId":"Status","hide":false,"aggFunc":null,"width":93,"pivotIndex":null,"pinned":null,"rowGroupIndex":null},{"colId":"CustodianCode","hide":false,"aggFunc":null,"width":142,"pivotIndex":null,"pinned":null,"rowGroupIndex":null},{"colId":"SecurityType","hide":false,"aggFunc":null,"width":127,"pivotIndex":null,"pinned":null,"rowGroupIndex":null},{"colId":"Side","hide":false,"aggFunc":null,"width":83,"pivotIndex":null,"pinned":null,"rowGroupIndex":null}]', N'[]', N'[{"colId":"accountName","sort":"asc"}]', N'{}', N'{"fundFilter":"All Funds","symbolFilter":"","zeroBalanceFilter":0,"absoluteSortingModel":{"sortingApplied":false,"sortingOn":[]},"dateFilter":{"startDate":"","endDate":""}}', 0, 0)
INSERT [dbo].[data_grid_layouts] ([id], [grid_id], [grid_name], [grid_layout_name], [userId], [pivot_mode], [column_state], [group_state], [sort_state], [filter_state], [external_filter_state], [is_public], [is_default]) VALUES (12, 1, N'Journals Ledgers', N'Bobby PnL Decomposition', 1, N'false', N'[{"colId":"ag-Grid-AutoColumn","hide":false,"aggFunc":null,"width":506,"pivotIndex":null,"pinned":"left","rowGroupIndex":null},{"colId":"id","hide":false,"aggFunc":null,"width":96,"pivotIndex":null,"pinned":null,"rowGroupIndex":null},{"colId":"source","hide":false,"aggFunc":null,"width":300,"pivotIndex":null,"pinned":null,"rowGroupIndex":null},{"colId":"fund","hide":false,"aggFunc":null,"width":87,"pivotIndex":null,"pinned":null,"rowGroupIndex":null},{"colId":"AccountCategory","hide":false,"aggFunc":null,"width":108,"pivotIndex":null,"pinned":null,"rowGroupIndex":1},{"colId":"AccountType","hide":false,"aggFunc":null,"width":135,"pivotIndex":null,"pinned":null,"rowGroupIndex":2},{"colId":"accountName","hide":false,"aggFunc":null,"width":175,"pivotIndex":null,"pinned":null,"rowGroupIndex":null},{"colId":"accountDescription","hide":false,"aggFunc":null,"width":168,"pivotIndex":null,"pinned":null,"rowGroupIndex":null},{"colId":"when","hide":false,"aggFunc":null,"width":106,"pivotIndex":null,"pinned":null,"rowGroupIndex":null},{"colId":"debit","hide":false,"aggFunc":"sum","width":140,"pivotIndex":null,"pinned":null,"rowGroupIndex":null},{"colId":"credit","hide":false,"aggFunc":"sum","width":140,"pivotIndex":null,"pinned":null,"rowGroupIndex":null},{"colId":"balance","hide":false,"aggFunc":"sum","width":124,"pivotIndex":null,"pinned":null,"rowGroupIndex":null},{"colId":"quantity","hide":false,"aggFunc":null,"width":115,"pivotIndex":null,"pinned":null,"rowGroupIndex":null},{"colId":"symbol","hide":false,"aggFunc":null,"width":100,"pivotIndex":null,"pinned":null,"rowGroupIndex":0},{"colId":"fxrate","hide":false,"aggFunc":null,"width":99,"pivotIndex":null,"pinned":null,"rowGroupIndex":null},{"colId":"event","hide":false,"aggFunc":null,"width":146,"pivotIndex":null,"pinned":null,"rowGroupIndex":null},{"colId":"security_id","hide":false,"aggFunc":null,"width":116,"pivotIndex":null,"pinned":null,"rowGroupIndex":null},{"colId":"fx_currency","hide":false,"aggFunc":null,"width":120,"pivotIndex":null,"pinned":null,"rowGroupIndex":null},{"colId":"value","hide":false,"aggFunc":null,"width":115,"pivotIndex":null,"pinned":null,"rowGroupIndex":null},{"colId":"start_price","hide":false,"aggFunc":null,"width":115,"pivotIndex":null,"pinned":null,"rowGroupIndex":null},{"colId":"end_price","hide":false,"aggFunc":null,"width":112,"pivotIndex":null,"pinned":null,"rowGroupIndex":null},{"colId":"is_account_to","hide":false,"aggFunc":null,"width":131,"pivotIndex":null,"pinned":null,"rowGroupIndex":null},{"colId":"TradeId","hide":false,"aggFunc":null,"width":100,"pivotIndex":null,"pinned":null,"rowGroupIndex":null},{"colId":"Action","hide":false,"aggFunc":null,"width":95,"pivotIndex":null,"pinned":null,"rowGroupIndex":null},{"colId":"Status","hide":false,"aggFunc":null,"width":93,"pivotIndex":null,"pinned":null,"rowGroupIndex":null},{"colId":"CustodianCode","hide":false,"aggFunc":null,"width":142,"pivotIndex":null,"pinned":null,"rowGroupIndex":null},{"colId":"SecurityType","hide":false,"aggFunc":null,"width":127,"pivotIndex":null,"pinned":null,"rowGroupIndex":null},{"colId":"Side","hide":false,"aggFunc":null,"width":83,"pivotIndex":null,"pinned":null,"rowGroupIndex":null}]', N'[]', N'[{"colId":"balance","sort":"asc"}]', N'{"AccountCategory":{"values":["Revenues"],"filterType":"set"}}', N'{"fundFilter":"All Funds","symbolFilter":"","zeroBalanceFilter":0,"absoluteSortingModel":{"sortingApplied":false,"sortingOn":[]},"dateFilter":{"startDate":"","endDate":""}}', 0, 0)
INSERT [dbo].[data_grid_layouts] ([id], [grid_id], [grid_name], [grid_layout_name], [userId], [pivot_mode], [column_state], [group_state], [sort_state], [filter_state], [external_filter_state], [is_public], [is_default]) VALUES (13, 1, N'Journals Ledgers', N'Bobby Currency PnL Decomposition', 1, N'false', N'[{"colId":"ag-Grid-AutoColumn","hide":false,"aggFunc":null,"width":506,"pivotIndex":null,"pinned":"left","rowGroupIndex":null},{"colId":"id","hide":false,"aggFunc":null,"width":96,"pivotIndex":null,"pinned":null,"rowGroupIndex":null},{"colId":"source","hide":false,"aggFunc":null,"width":300,"pivotIndex":null,"pinned":null,"rowGroupIndex":null},{"colId":"fund","hide":false,"aggFunc":null,"width":87,"pivotIndex":null,"pinned":null,"rowGroupIndex":null},{"colId":"AccountCategory","hide":false,"aggFunc":null,"width":108,"pivotIndex":null,"pinned":null,"rowGroupIndex":3},{"colId":"AccountType","hide":false,"aggFunc":null,"width":135,"pivotIndex":null,"pinned":null,"rowGroupIndex":1},{"colId":"accountName","hide":false,"aggFunc":null,"width":175,"pivotIndex":null,"pinned":null,"rowGroupIndex":null},{"colId":"accountDescription","hide":false,"aggFunc":null,"width":168,"pivotIndex":null,"pinned":null,"rowGroupIndex":null},{"colId":"when","hide":false,"aggFunc":null,"width":106,"pivotIndex":null,"pinned":null,"rowGroupIndex":null},{"colId":"debit","hide":false,"aggFunc":"sum","width":140,"pivotIndex":null,"pinned":null,"rowGroupIndex":null},{"colId":"credit","hide":false,"aggFunc":"sum","width":140,"pivotIndex":null,"pinned":null,"rowGroupIndex":null},{"colId":"balance","hide":false,"aggFunc":"sum","width":124,"pivotIndex":null,"pinned":null,"rowGroupIndex":null},{"colId":"quantity","hide":false,"aggFunc":null,"width":115,"pivotIndex":null,"pinned":null,"rowGroupIndex":null},{"colId":"symbol","hide":false,"aggFunc":null,"width":100,"pivotIndex":null,"pinned":null,"rowGroupIndex":2},{"colId":"fxrate","hide":false,"aggFunc":null,"width":99,"pivotIndex":null,"pinned":null,"rowGroupIndex":null},{"colId":"event","hide":false,"aggFunc":null,"width":146,"pivotIndex":null,"pinned":null,"rowGroupIndex":null},{"colId":"security_id","hide":false,"aggFunc":null,"width":116,"pivotIndex":null,"pinned":null,"rowGroupIndex":null},{"colId":"fx_currency","hide":false,"aggFunc":null,"width":120,"pivotIndex":null,"pinned":null,"rowGroupIndex":0},{"colId":"value","hide":false,"aggFunc":null,"width":115,"pivotIndex":null,"pinned":null,"rowGroupIndex":null},{"colId":"start_price","hide":false,"aggFunc":null,"width":115,"pivotIndex":null,"pinned":null,"rowGroupIndex":null},{"colId":"end_price","hide":false,"aggFunc":null,"width":112,"pivotIndex":null,"pinned":null,"rowGroupIndex":null},{"colId":"is_account_to","hide":false,"aggFunc":null,"width":131,"pivotIndex":null,"pinned":null,"rowGroupIndex":null},{"colId":"TradeId","hide":false,"aggFunc":null,"width":100,"pivotIndex":null,"pinned":null,"rowGroupIndex":null},{"colId":"Action","hide":false,"aggFunc":null,"width":95,"pivotIndex":null,"pinned":null,"rowGroupIndex":null},{"colId":"Status","hide":false,"aggFunc":null,"width":93,"pivotIndex":null,"pinned":null,"rowGroupIndex":null},{"colId":"CustodianCode","hide":false,"aggFunc":null,"width":142,"pivotIndex":null,"pinned":null,"rowGroupIndex":null},{"colId":"SecurityType","hide":false,"aggFunc":null,"width":127,"pivotIndex":null,"pinned":null,"rowGroupIndex":null},{"colId":"Side","hide":false,"aggFunc":null,"width":83,"pivotIndex":null,"pinned":null,"rowGroupIndex":null}]', N'[]', N'[{"colId":"balance","sort":"asc"}]', N'{"AccountCategory":{"values":["Revenues"],"filterType":"set"}}', N'{"fundFilter":"All Funds","symbolFilter":"","zeroBalanceFilter":0,"absoluteSortingModel":{"sortingApplied":false,"sortingOn":[]},"dateFilter":{"startDate":"","endDate":""}}', 0, 0)
INSERT [dbo].[data_grid_layouts] ([id], [grid_id], [grid_name], [grid_layout_name], [userId], [pivot_mode], [column_state], [group_state], [sort_state], [filter_state], [external_filter_state], [is_public], [is_default]) VALUES (14, 1, N'Journals Ledgers', N'Nav', 1, N'false', N'[{"colId":"ag-Grid-AutoColumn","hide":false,"aggFunc":null,"width":200,"pivotIndex":null,"pinned":"left","rowGroupIndex":null},{"colId":"id","hide":false,"aggFunc":null,"width":90,"pivotIndex":null,"pinned":null,"rowGroupIndex":null},{"colId":"source","hide":false,"aggFunc":null,"width":300,"pivotIndex":null,"pinned":null,"rowGroupIndex":null},{"colId":"fund","hide":false,"aggFunc":null,"width":151,"pivotIndex":null,"pinned":null,"rowGroupIndex":null},{"colId":"AccountCategory","hide":false,"aggFunc":null,"width":109,"pivotIndex":null,"pinned":null,"rowGroupIndex":0},{"colId":"AccountType","hide":false,"aggFunc":null,"width":249,"pivotIndex":null,"pinned":null,"rowGroupIndex":null},{"colId":"accountName","hide":false,"aggFunc":null,"width":386,"pivotIndex":null,"pinned":null,"rowGroupIndex":null},{"colId":"accountDescription","hide":false,"aggFunc":null,"width":168,"pivotIndex":null,"pinned":null,"rowGroupIndex":null},{"colId":"when","hide":false,"aggFunc":null,"width":106,"pivotIndex":null,"pinned":null,"rowGroupIndex":null},{"colId":"debit","hide":false,"aggFunc":"sum","width":123,"pivotIndex":null,"pinned":null,"rowGroupIndex":null},{"colId":"credit","hide":false,"aggFunc":"sum","width":123,"pivotIndex":null,"pinned":null,"rowGroupIndex":null},{"colId":"balance","hide":false,"aggFunc":"sum","width":117,"pivotIndex":null,"pinned":null,"rowGroupIndex":null},{"colId":"quantity","hide":false,"aggFunc":"sum","width":106,"pivotIndex":null,"pinned":null,"rowGroupIndex":null},{"colId":"symbol","hide":false,"aggFunc":null,"width":100,"pivotIndex":null,"pinned":null,"rowGroupIndex":null},{"colId":"fxrate","hide":false,"aggFunc":null,"width":99,"pivotIndex":null,"pinned":null,"rowGroupIndex":null},{"colId":"event","hide":false,"aggFunc":null,"width":116,"pivotIndex":null,"pinned":null,"rowGroupIndex":null},{"colId":"security_id","hide":false,"width":116,"pivotIndex":null,"pinned":null,"rowGroupIndex":null},{"colId":"fx_currency","hide":false,"aggFunc":null,"width":120,"pivotIndex":null,"pinned":null,"rowGroupIndex":null},{"colId":"value","hide":false,"width":93,"pivotIndex":null,"pinned":null,"rowGroupIndex":null},{"colId":"start_price","hide":false,"width":114,"pivotIndex":null,"pinned":null,"rowGroupIndex":null},{"colId":"end_price","hide":false,"width":111,"pivotIndex":null,"pinned":null,"rowGroupIndex":null},{"colId":"is_account_to","hide":false,"aggFunc":null,"width":131,"pivotIndex":null,"pinned":null,"rowGroupIndex":null},{"colId":"TradeId","hide":false,"aggFunc":null,"width":271,"pivotIndex":null,"pinned":null,"rowGroupIndex":null},{"colId":"Action","hide":false,"aggFunc":null,"width":94,"pivotIndex":null,"pinned":null,"rowGroupIndex":null},{"colId":"Status","hide":false,"aggFunc":null,"width":92,"pivotIndex":null,"pinned":null,"rowGroupIndex":null},{"colId":"CustodianCode","hide":false,"aggFunc":null,"width":141,"pivotIndex":null,"pinned":null,"rowGroupIndex":null},{"colId":"SecurityType","hide":false,"aggFunc":null,"width":127,"pivotIndex":null,"pinned":null,"rowGroupIndex":null},{"colId":"Side","hide":false,"aggFunc":null,"width":83,"pivotIndex":null,"pinned":null,"rowGroupIndex":null}]', N'[]', N'[]', N'{"AccountCategory":{"values":["Asset","Liability"],"filterType":"set"}}', N'{"fundFilter":"All Funds","symbolFilter":"","zeroBalanceFilter":0,"absoluteSortingModel":{"sortingApplied":false,"sortingOn":[]},"dateFilter":{"startDate":"","endDate":""}}', 0, 1)
INSERT [dbo].[data_grid_layouts] ([id], [grid_id], [grid_name], [grid_layout_name], [userId], [pivot_mode], [column_state], [group_state], [sort_state], [filter_state], [external_filter_state], [is_public], [is_default]) VALUES (15, 1, N'Journals Ledgers', N'Balance Sheet', 1, N'false', N'[{"colId":"ag-Grid-AutoColumn","hide":false,"aggFunc":null,"width":200,"pivotIndex":null,"pinned":"left","rowGroupIndex":null},{"colId":"id","hide":false,"aggFunc":null,"width":90,"pivotIndex":null,"pinned":null,"rowGroupIndex":null},{"colId":"source","hide":false,"aggFunc":null,"width":300,"pivotIndex":null,"pinned":null,"rowGroupIndex":null},{"colId":"fund","hide":false,"aggFunc":null,"width":151,"pivotIndex":null,"pinned":null,"rowGroupIndex":null},{"colId":"AccountCategory","hide":false,"aggFunc":null,"width":109,"pivotIndex":null,"pinned":null,"rowGroupIndex":0},{"colId":"AccountType","hide":false,"aggFunc":null,"width":249,"pivotIndex":null,"pinned":null,"rowGroupIndex":null},{"colId":"accountName","hide":false,"aggFunc":null,"width":386,"pivotIndex":null,"pinned":null,"rowGroupIndex":null},{"colId":"accountDescription","hide":false,"aggFunc":null,"width":168,"pivotIndex":null,"pinned":null,"rowGroupIndex":null},{"colId":"when","hide":false,"aggFunc":null,"width":106,"pivotIndex":null,"pinned":null,"rowGroupIndex":null},{"colId":"debit","hide":false,"aggFunc":"sum","width":123,"pivotIndex":null,"pinned":null,"rowGroupIndex":null},{"colId":"credit","hide":false,"aggFunc":"sum","width":123,"pivotIndex":null,"pinned":null,"rowGroupIndex":null},{"colId":"balance","hide":false,"aggFunc":"sum","width":117,"pivotIndex":null,"pinned":null,"rowGroupIndex":null},{"colId":"quantity","hide":false,"aggFunc":"sum","width":106,"pivotIndex":null,"pinned":null,"rowGroupIndex":null},{"colId":"symbol","hide":false,"aggFunc":null,"width":100,"pivotIndex":null,"pinned":null,"rowGroupIndex":null},{"colId":"fxrate","hide":false,"aggFunc":null,"width":99,"pivotIndex":null,"pinned":null,"rowGroupIndex":null},{"colId":"event","hide":false,"aggFunc":null,"width":116,"pivotIndex":null,"pinned":null,"rowGroupIndex":null},{"colId":"security_id","hide":false,"width":116,"pivotIndex":null,"pinned":null,"rowGroupIndex":null},{"colId":"fx_currency","hide":false,"aggFunc":null,"width":120,"pivotIndex":null,"pinned":null,"rowGroupIndex":null},{"colId":"value","hide":false,"width":93,"pivotIndex":null,"pinned":null,"rowGroupIndex":null},{"colId":"start_price","hide":false,"width":114,"pivotIndex":null,"pinned":null,"rowGroupIndex":null},{"colId":"end_price","hide":false,"width":111,"pivotIndex":null,"pinned":null,"rowGroupIndex":null},{"colId":"is_account_to","hide":false,"aggFunc":null,"width":131,"pivotIndex":null,"pinned":null,"rowGroupIndex":null},{"colId":"TradeId","hide":false,"aggFunc":null,"width":271,"pivotIndex":null,"pinned":null,"rowGroupIndex":null},{"colId":"Action","hide":false,"aggFunc":null,"width":94,"pivotIndex":null,"pinned":null,"rowGroupIndex":null},{"colId":"Status","hide":false,"aggFunc":null,"width":92,"pivotIndex":null,"pinned":null,"rowGroupIndex":null},{"colId":"CustodianCode","hide":false,"aggFunc":null,"width":141,"pivotIndex":null,"pinned":null,"rowGroupIndex":null},{"colId":"SecurityType","hide":false,"aggFunc":null,"width":127,"pivotIndex":null,"pinned":null,"rowGroupIndex":null},{"colId":"Side","hide":false,"aggFunc":null,"width":83,"pivotIndex":null,"pinned":null,"rowGroupIndex":null}]', N'[]', N'[]', N'{"AccountCategory":{"values":["Asset","Equity","Liability"],"filterType":"set"}}', N'{"fundFilter":"All Funds","symbolFilter":"","zeroBalanceFilter":0,"absoluteSortingModel":{"sortingApplied":false,"sortingOn":[]},"dateFilter":{"startDate":"","endDate":""}}', 0, 1)
INSERT [dbo].[data_grid_layouts] ([id], [grid_id], [grid_name], [grid_layout_name], [userId], [pivot_mode], [column_state], [group_state], [sort_state], [filter_state], [external_filter_state], [is_public], [is_default]) VALUES (16, 1, N'Journals Ledgers', N'Income Statement', 1, N'false', N'[{"colId":"ag-Grid-AutoColumn","hide":false,"aggFunc":null,"width":200,"pivotIndex":null,"pinned":"left","rowGroupIndex":null},{"colId":"id","hide":false,"aggFunc":null,"width":90,"pivotIndex":null,"pinned":null,"rowGroupIndex":null},{"colId":"source","hide":false,"aggFunc":null,"width":300,"pivotIndex":null,"pinned":null,"rowGroupIndex":null},{"colId":"fund","hide":false,"aggFunc":null,"width":151,"pivotIndex":null,"pinned":null,"rowGroupIndex":null},{"colId":"AccountCategory","hide":false,"aggFunc":null,"width":109,"pivotIndex":null,"pinned":null,"rowGroupIndex":0},{"colId":"AccountType","hide":false,"aggFunc":null,"width":249,"pivotIndex":null,"pinned":null,"rowGroupIndex":null},{"colId":"accountName","hide":false,"aggFunc":null,"width":386,"pivotIndex":null,"pinned":null,"rowGroupIndex":null},{"colId":"accountDescription","hide":false,"aggFunc":null,"width":168,"pivotIndex":null,"pinned":null,"rowGroupIndex":null},{"colId":"when","hide":false,"aggFunc":null,"width":106,"pivotIndex":null,"pinned":null,"rowGroupIndex":null},{"colId":"debit","hide":false,"aggFunc":"sum","width":123,"pivotIndex":null,"pinned":null,"rowGroupIndex":null},{"colId":"credit","hide":false,"aggFunc":"sum","width":123,"pivotIndex":null,"pinned":null,"rowGroupIndex":null},{"colId":"balance","hide":false,"aggFunc":"sum","width":117,"pivotIndex":null,"pinned":null,"rowGroupIndex":null},{"colId":"quantity","hide":false,"aggFunc":"sum","width":106,"pivotIndex":null,"pinned":null,"rowGroupIndex":null},{"colId":"symbol","hide":false,"aggFunc":null,"width":100,"pivotIndex":null,"pinned":null,"rowGroupIndex":null},{"colId":"fxrate","hide":false,"aggFunc":null,"width":99,"pivotIndex":null,"pinned":null,"rowGroupIndex":null},{"colId":"event","hide":false,"aggFunc":null,"width":116,"pivotIndex":null,"pinned":null,"rowGroupIndex":null},{"colId":"security_id","hide":false,"width":116,"pivotIndex":null,"pinned":null,"rowGroupIndex":null},{"colId":"fx_currency","hide":false,"aggFunc":null,"width":120,"pivotIndex":null,"pinned":null,"rowGroupIndex":null},{"colId":"value","hide":false,"width":93,"pivotIndex":null,"pinned":null,"rowGroupIndex":null},{"colId":"start_price","hide":false,"width":114,"pivotIndex":null,"pinned":null,"rowGroupIndex":null},{"colId":"end_price","hide":false,"width":111,"pivotIndex":null,"pinned":null,"rowGroupIndex":null},{"colId":"is_account_to","hide":false,"aggFunc":null,"width":131,"pivotIndex":null,"pinned":null,"rowGroupIndex":null},{"colId":"TradeId","hide":false,"aggFunc":null,"width":271,"pivotIndex":null,"pinned":null,"rowGroupIndex":null},{"colId":"Action","hide":false,"aggFunc":null,"width":94,"pivotIndex":null,"pinned":null,"rowGroupIndex":null},{"colId":"Status","hide":false,"aggFunc":null,"width":92,"pivotIndex":null,"pinned":null,"rowGroupIndex":null},{"colId":"CustodianCode","hide":false,"aggFunc":null,"width":141,"pivotIndex":null,"pinned":null,"rowGroupIndex":null},{"colId":"SecurityType","hide":false,"aggFunc":null,"width":127,"pivotIndex":null,"pinned":null,"rowGroupIndex":null},{"colId":"Side","hide":false,"aggFunc":null,"width":83,"pivotIndex":null,"pinned":null,"rowGroupIndex":null}]', N'[]', N'[]', N'{"AccountCategory":{"values":["Expenses","Revenues"],"filterType":"set"}}', N'{"fundFilter":"All Funds","symbolFilter":"","zeroBalanceFilter":0,"absoluteSortingModel":{"sortingApplied":false,"sortingOn":[]},"dateFilter":{"startDate":"","endDate":""}}', 0, 1)
INSERT [dbo].[data_grid_layouts] ([id], [grid_id], [grid_name], [grid_layout_name], [userId], [pivot_mode], [column_state], [group_state], [sort_state], [filter_state], [external_filter_state], [is_public], [is_default]) VALUES (17, 1, N'Journals Ledgers', N'Trial Balance', 1, N'false', N'[{"colId":"ag-Grid-AutoColumn","hide":false,"aggFunc":null,"width":200,"pivotIndex":null,"pinned":"left","rowGroupIndex":null},{"colId":"id","hide":false,"aggFunc":null,"width":71,"pivotIndex":null,"pinned":null,"rowGroupIndex":null},{"colId":"source","hide":false,"aggFunc":null,"width":300,"pivotIndex":null,"pinned":null,"rowGroupIndex":null},{"colId":"fund","hide":false,"aggFunc":null,"width":87,"pivotIndex":null,"pinned":null,"rowGroupIndex":null},{"colId":"AccountCategory","hide":false,"aggFunc":null,"width":109,"pivotIndex":null,"pinned":null,"rowGroupIndex":0},{"colId":"AccountType","hide":false,"aggFunc":null,"width":86,"pivotIndex":null,"pinned":null,"rowGroupIndex":null},{"colId":"accountName","hide":false,"aggFunc":null,"width":139,"pivotIndex":null,"pinned":null,"rowGroupIndex":1},{"colId":"accountDescription","hide":false,"aggFunc":null,"width":168,"pivotIndex":null,"pinned":null,"rowGroupIndex":null},{"colId":"when","hide":false,"aggFunc":null,"width":106,"pivotIndex":null,"pinned":null,"rowGroupIndex":null},{"colId":"debit","hide":false,"aggFunc":"sum","width":126,"pivotIndex":null,"pinned":null,"rowGroupIndex":null},{"colId":"credit","hide":false,"aggFunc":"sum","width":129,"pivotIndex":null,"pinned":null,"rowGroupIndex":null},{"colId":"balance","hide":false,"aggFunc":"sum","width":137,"pivotIndex":null,"pinned":null,"rowGroupIndex":null},{"colId":"quantity","hide":false,"aggFunc":"sum","width":136,"pivotIndex":null,"pinned":null,"rowGroupIndex":null},{"colId":"symbol","hide":false,"aggFunc":null,"width":100,"pivotIndex":null,"pinned":null,"rowGroupIndex":null},{"colId":"fxrate","hide":false,"aggFunc":null,"width":99,"pivotIndex":null,"pinned":null,"rowGroupIndex":null},{"colId":"event","hide":false,"aggFunc":null,"width":90,"pivotIndex":null,"pinned":null,"rowGroupIndex":null},{"colId":"security_id","hide":false,"width":147,"pivotIndex":null,"pinned":null,"rowGroupIndex":null},{"colId":"fx_currency","hide":false,"aggFunc":null,"width":120,"pivotIndex":null,"pinned":null,"rowGroupIndex":null},{"colId":"value","hide":false,"width":119,"pivotIndex":null,"pinned":null,"rowGroupIndex":null},{"colId":"start_price","hide":false,"width":146,"pivotIndex":null,"pinned":null,"rowGroupIndex":null},{"colId":"end_price","hide":false,"width":142,"pivotIndex":null,"pinned":null,"rowGroupIndex":null},{"colId":"is_account_to","hide":false,"aggFunc":null,"width":131,"pivotIndex":null,"pinned":null,"rowGroupIndex":null},{"colId":"TradeId","hide":false,"aggFunc":null,"width":100,"pivotIndex":null,"pinned":null,"rowGroupIndex":null},{"colId":"Action","hide":false,"aggFunc":null,"width":94,"pivotIndex":null,"pinned":null,"rowGroupIndex":null},{"colId":"Status","hide":false,"aggFunc":null,"width":92,"pivotIndex":null,"pinned":null,"rowGroupIndex":null},{"colId":"CustodianCode","hide":false,"aggFunc":null,"width":141,"pivotIndex":null,"pinned":null,"rowGroupIndex":null},{"colId":"SecurityType","hide":false,"aggFunc":null,"width":127,"pivotIndex":null,"pinned":null,"rowGroupIndex":null},{"colId":"Side","hide":false,"aggFunc":null,"width":83,"pivotIndex":null,"pinned":null,"rowGroupIndex":null}]', N'[]', N'[]', N'{}', N'{"fundFilter":"All Funds","symbolFilter":"","zeroBalanceFilter":0,"absoluteSortingModel":{"sortingApplied":false,"sortingOn":[]},"dateFilter":{"startDate":"","endDate":""}}', 0, 1)
INSERT [dbo].[data_grid_layouts] ([id], [grid_id], [grid_name], [grid_layout_name], [userId], [pivot_mode], [column_state], [group_state], [sort_state], [filter_state], [external_filter_state], [is_public], [is_default]) VALUES (18, 1, N'Journals Ledgers', N'Bobby-Symbol Activity', 1, N'false', N'[{"colId":"ag-Grid-AutoColumn","hide":false,"aggFunc":null,"width":458,"pivotIndex":null,"pinned":"left","rowGroupIndex":null},{"colId":"id","hide":false,"aggFunc":null,"width":96,"pivotIndex":null,"pinned":null,"rowGroupIndex":null},{"colId":"source","hide":false,"aggFunc":null,"width":300,"pivotIndex":null,"pinned":null,"rowGroupIndex":null},{"colId":"fund","hide":false,"aggFunc":null,"width":87,"pivotIndex":null,"pinned":null,"rowGroupIndex":null},{"colId":"AccountCategory","hide":false,"aggFunc":null,"width":108,"pivotIndex":null,"pinned":null,"rowGroupIndex":1},{"colId":"AccountType","hide":false,"aggFunc":null,"width":330,"pivotIndex":null,"pinned":null,"rowGroupIndex":2},{"colId":"accountName","hide":false,"aggFunc":null,"width":465,"pivotIndex":null,"pinned":null,"rowGroupIndex":null},{"colId":"accountDescription","hide":false,"aggFunc":null,"width":168,"pivotIndex":null,"pinned":null,"rowGroupIndex":null},{"colId":"when","hide":false,"aggFunc":null,"width":106,"pivotIndex":null,"pinned":null,"rowGroupIndex":null},{"colId":"debit","hide":false,"aggFunc":"sum","width":140,"pivotIndex":null,"pinned":null,"rowGroupIndex":null},{"colId":"credit","hide":false,"aggFunc":"sum","width":140,"pivotIndex":null,"pinned":null,"rowGroupIndex":null},{"colId":"balance","hide":false,"aggFunc":"sum","width":124,"pivotIndex":null,"pinned":null,"rowGroupIndex":null},{"colId":"quantity","hide":false,"aggFunc":"sum","width":117,"pivotIndex":null,"pinned":null,"rowGroupIndex":null},{"colId":"symbol","hide":false,"aggFunc":null,"width":100,"pivotIndex":null,"pinned":null,"rowGroupIndex":4},{"colId":"fxrate","hide":false,"aggFunc":null,"width":99,"pivotIndex":null,"pinned":null,"rowGroupIndex":null},{"colId":"start_price","hide":false,"aggFunc":null,"width":114,"pivotIndex":null,"pinned":null,"rowGroupIndex":null},{"colId":"end_price","hide":false,"aggFunc":null,"width":109,"pivotIndex":null,"pinned":null,"rowGroupIndex":null},{"colId":"event","hide":false,"aggFunc":null,"width":116,"pivotIndex":null,"pinned":null,"rowGroupIndex":0},{"colId":"security_id","hide":false,"aggFunc":null,"width":116,"pivotIndex":null,"pinned":null,"rowGroupIndex":null},{"colId":"fx_currency","hide":false,"aggFunc":null,"width":120,"pivotIndex":null,"pinned":null,"rowGroupIndex":null},{"colId":"value","hide":false,"aggFunc":null,"width":115,"pivotIndex":null,"pinned":null,"rowGroupIndex":null},{"colId":"is_account_to","hide":false,"aggFunc":null,"width":131,"pivotIndex":null,"pinned":null,"rowGroupIndex":null},{"colId":"TradeDate","hide":false,"aggFunc":null,"width":156,"pivotIndex":null,"pinned":null,"rowGroupIndex":null},{"colId":"SettleDate","hide":false,"aggFunc":null,"width":156,"pivotIndex":null,"pinned":null,"rowGroupIndex":null},{"colId":"TradeId","hide":false,"aggFunc":null,"width":271,"pivotIndex":null,"pinned":null,"rowGroupIndex":null},{"colId":"Action","hide":false,"aggFunc":null,"width":95,"pivotIndex":null,"pinned":null,"rowGroupIndex":null},{"colId":"Status","hide":false,"aggFunc":null,"width":93,"pivotIndex":null,"pinned":null,"rowGroupIndex":null},{"colId":"CustodianCode","hide":false,"aggFunc":null,"width":142,"pivotIndex":null,"pinned":null,"rowGroupIndex":null},{"colId":"SecurityType","hide":false,"aggFunc":null,"width":127,"pivotIndex":null,"pinned":null,"rowGroupIndex":null},{"colId":"Side","hide":false,"aggFunc":null,"width":83,"pivotIndex":null,"pinned":null,"rowGroupIndex":3}]', N'[]', N'[{"colId":"when","sort":"desc"}]', N'{}', N'{"fundFilter":"All Funds","symbolFilter":"","zeroBalanceFilter":0,"absoluteSortingModel":{"sortingApplied":false,"sortingOn":[]},"dateFilter":{"startDate":"","endDate":""}}', 0, 0)
INSERT [dbo].[data_grid_layouts] ([id], [grid_id], [grid_name], [grid_layout_name], [userId], [pivot_mode], [column_state], [group_state], [sort_state], [filter_state], [external_filter_state], [is_public], [is_default]) VALUES (19, 1, N'Journals Ledgers', N'Realized Gain/Loss', 1, N'false', N'[{"colId":"ag-Grid-AutoColumn","hide":false,"aggFunc":null,"width":421,"pivotIndex":null,"pinned":"left","rowGroupIndex":null},{"colId":"TradeDate","hide":true,"aggFunc":null,"width":156,"pivotIndex":null,"pinned":null,"rowGroupIndex":null},{"colId":"SettleDate","hide":true,"aggFunc":null,"width":156,"pivotIndex":null,"pinned":null,"rowGroupIndex":null},{"colId":"id","hide":false,"aggFunc":null,"width":90,"pivotIndex":null,"pinned":null,"rowGroupIndex":null},{"colId":"source","hide":false,"aggFunc":null,"width":300,"pivotIndex":null,"pinned":null,"rowGroupIndex":null},{"colId":"fund","hide":false,"aggFunc":null,"width":87,"pivotIndex":null,"pinned":null,"rowGroupIndex":null},{"colId":"AccountCategory","hide":false,"aggFunc":null,"width":108,"pivotIndex":null,"pinned":null,"rowGroupIndex":0},{"colId":"AccountType","hide":false,"aggFunc":null,"width":135,"pivotIndex":null,"pinned":null,"rowGroupIndex":1},{"colId":"accountName","hide":false,"aggFunc":null,"width":175,"pivotIndex":null,"pinned":null,"rowGroupIndex":null},{"colId":"accountDescription","hide":false,"aggFunc":null,"width":168,"pivotIndex":null,"pinned":null,"rowGroupIndex":null},{"colId":"when","hide":false,"aggFunc":null,"width":106,"pivotIndex":null,"pinned":null,"rowGroupIndex":null},{"colId":"debit","hide":false,"aggFunc":"sum","width":140,"pivotIndex":null,"pinned":null,"rowGroupIndex":null},{"colId":"credit","hide":false,"aggFunc":"sum","width":140,"pivotIndex":null,"pinned":null,"rowGroupIndex":null},{"colId":"balance","hide":false,"aggFunc":"sum","width":124,"pivotIndex":null,"pinned":null,"rowGroupIndex":null},{"colId":"quantity","hide":true,"aggFunc":"sum","width":115,"pivotIndex":null,"pinned":null,"rowGroupIndex":null},{"colId":"symbol","hide":false,"aggFunc":null,"width":100,"pivotIndex":null,"pinned":null,"rowGroupIndex":3},{"colId":"fxrate","hide":false,"aggFunc":null,"width":99,"pivotIndex":null,"pinned":null,"rowGroupIndex":null},{"colId":"event","hide":false,"aggFunc":null,"width":146,"pivotIndex":null,"pinned":null,"rowGroupIndex":null},{"colId":"security_id","hide":false,"aggFunc":null,"width":116,"pivotIndex":null,"pinned":null,"rowGroupIndex":null},{"colId":"fx_currency","hide":false,"aggFunc":null,"width":120,"pivotIndex":null,"pinned":null,"rowGroupIndex":null},{"colId":"value","hide":false,"aggFunc":null,"width":115,"pivotIndex":null,"pinned":null,"rowGroupIndex":null},{"colId":"start_price","hide":false,"aggFunc":null,"width":115,"pivotIndex":null,"pinned":null,"rowGroupIndex":null},{"colId":"end_price","hide":false,"aggFunc":null,"width":112,"pivotIndex":null,"pinned":null,"rowGroupIndex":null},{"colId":"is_account_to","hide":false,"aggFunc":null,"width":131,"pivotIndex":null,"pinned":null,"rowGroupIndex":null},{"colId":"TradeId","hide":false,"aggFunc":null,"width":100,"pivotIndex":null,"pinned":null,"rowGroupIndex":null},{"colId":"Action","hide":false,"aggFunc":null,"width":95,"pivotIndex":null,"pinned":null,"rowGroupIndex":null},{"colId":"Status","hide":false,"aggFunc":null,"width":93,"pivotIndex":null,"pinned":null,"rowGroupIndex":null},{"colId":"CustodianCode","hide":false,"aggFunc":null,"width":142,"pivotIndex":null,"pinned":null,"rowGroupIndex":null},{"colId":"SecurityType","hide":false,"aggFunc":null,"width":127,"pivotIndex":null,"pinned":null,"rowGroupIndex":2},{"colId":"Side","hide":false,"aggFunc":null,"width":83,"pivotIndex":null,"pinned":null,"rowGroupIndex":null}]', N'[]', N'[]', N'{"AccountCategory":{"values":["Revenues"],"filterType":"set"},"AccountType":{"values":["REALIZED GAIN/(LOSS)","REALIZED GAIN/(LOSS) DUE TO FX","fx gain or loss on settled balance","fx gain or loss on unsettled balance","Settled Cash"],"filterType":"set"}}', N'{"fundFilter":"All Funds","symbolFilter":"","zeroBalanceFilter":0,"absoluteSortingModel":{"sortingApplied":false,"sortingOn":[]},"dateFilter":{"startDate":"","endDate":""}}', 0, 0)
INSERT [dbo].[data_grid_layouts] ([id], [grid_id], [grid_name], [grid_layout_name], [userId], [pivot_mode], [column_state], [group_state], [sort_state], [filter_state], [external_filter_state], [is_public], [is_default]) VALUES (20, 1, N'Journals Ledgers', N'Bobby-Activity by Type', 1, N'false', N'[{"colId":"ag-Grid-AutoColumn","hide":false,"aggFunc":null,"width":297,"pivotIndex":null,"pinned":"left","rowGroupIndex":null},{"colId":"id","hide":false,"aggFunc":null,"width":71,"pivotIndex":null,"pinned":null,"rowGroupIndex":null},{"colId":"source","hide":false,"aggFunc":null,"width":300,"pivotIndex":null,"pinned":null,"rowGroupIndex":null},{"colId":"fund","hide":false,"aggFunc":null,"width":87,"pivotIndex":null,"pinned":null,"rowGroupIndex":null},{"colId":"AccountCategory","hide":false,"aggFunc":null,"width":108,"pivotIndex":null,"pinned":null,"rowGroupIndex":null},{"colId":"AccountType","hide":false,"aggFunc":null,"width":85,"pivotIndex":null,"pinned":null,"rowGroupIndex":null},{"colId":"accountName","hide":false,"aggFunc":null,"width":177,"pivotIndex":null,"pinned":null,"rowGroupIndex":null},{"colId":"accountDescription","hide":false,"aggFunc":null,"width":168,"pivotIndex":null,"pinned":null,"rowGroupIndex":null},{"colId":"when","hide":false,"aggFunc":null,"width":106,"pivotIndex":null,"pinned":null,"rowGroupIndex":5},{"colId":"debit","hide":false,"aggFunc":"sum","width":140,"pivotIndex":null,"pinned":null,"rowGroupIndex":null},{"colId":"credit","hide":false,"aggFunc":"sum","width":140,"pivotIndex":null,"pinned":null,"rowGroupIndex":null},{"colId":"balance","hide":false,"aggFunc":"sum","width":137,"pivotIndex":null,"pinned":null,"rowGroupIndex":null},{"colId":"quantity","hide":true,"aggFunc":"sum","width":144,"pivotIndex":null,"pinned":null,"rowGroupIndex":null},{"colId":"symbol","hide":false,"aggFunc":null,"width":100,"pivotIndex":null,"pinned":null,"rowGroupIndex":1},{"colId":"fxrate","hide":false,"aggFunc":null,"width":99,"pivotIndex":null,"pinned":null,"rowGroupIndex":null},{"colId":"start_price","hide":false,"aggFunc":null,"width":114,"pivotIndex":null,"pinned":null,"rowGroupIndex":null},{"colId":"end_price","hide":false,"aggFunc":null,"width":109,"pivotIndex":null,"pinned":null,"rowGroupIndex":null},{"colId":"event","hide":false,"aggFunc":null,"width":90,"pivotIndex":null,"pinned":null,"rowGroupIndex":4},{"colId":"security_id","hide":false,"width":146,"pivotIndex":null,"pinned":null,"rowGroupIndex":null},{"colId":"fx_currency","hide":false,"aggFunc":null,"width":120,"pivotIndex":null,"pinned":null,"rowGroupIndex":null},{"colId":"value","hide":false,"width":118,"pivotIndex":null,"pinned":null,"rowGroupIndex":null},{"colId":"is_account_to","hide":false,"aggFunc":null,"width":131,"pivotIndex":null,"pinned":null,"rowGroupIndex":null},{"colId":"TradeDate","hide":false,"aggFunc":null,"width":114,"pivotIndex":null,"pinned":null,"rowGroupIndex":3},{"colId":"SettleDate","hide":false,"aggFunc":null,"width":115,"pivotIndex":null,"pinned":null,"rowGroupIndex":null},{"colId":"TradeId","hide":false,"aggFunc":null,"width":100,"pivotIndex":null,"pinned":null,"rowGroupIndex":null},{"colId":"Action","hide":false,"aggFunc":null,"width":95,"pivotIndex":null,"pinned":null,"rowGroupIndex":null},{"colId":"Status","hide":false,"aggFunc":null,"width":93,"pivotIndex":null,"pinned":null,"rowGroupIndex":null},{"colId":"CustodianCode","hide":false,"aggFunc":null,"width":142,"pivotIndex":null,"pinned":null,"rowGroupIndex":null},{"colId":"SecurityType","hide":false,"aggFunc":null,"width":128,"pivotIndex":null,"pinned":null,"rowGroupIndex":0},{"colId":"Side","hide":false,"aggFunc":null,"width":83,"pivotIndex":null,"pinned":null,"rowGroupIndex":2}]', N'[]', N'[]', N'{}', N'{"fundFilter":"All Funds","symbolFilter":"","zeroBalanceFilter":0,"absoluteSortingModel":{"sortingApplied":false,"sortingOn":[]},"dateFilter":{"startDate":"","endDate":""}}', 0, 0)
INSERT [dbo].[data_grid_layouts] ([id], [grid_id], [grid_name], [grid_layout_name], [userId], [pivot_mode], [column_state], [group_state], [sort_state], [filter_state], [external_filter_state], [is_public], [is_default]) VALUES (21, 1, N'Journals Ledgers', N'Bobby-Mkt Value', 1, N'false', N'[{"colId":"TradeDate","hide":true,"aggFunc":null,"width":114,"pivotIndex":null,"pinned":null,"rowGroupIndex":null},{"colId":"SettleDate","hide":true,"aggFunc":null,"width":115,"pivotIndex":null,"pinned":null,"rowGroupIndex":null},{"colId":"ag-Grid-AutoColumn","hide":false,"aggFunc":null,"width":408,"pivotIndex":null,"pinned":"left","rowGroupIndex":null},{"colId":"id","hide":false,"aggFunc":null,"width":90,"pivotIndex":null,"pinned":null,"rowGroupIndex":null},{"colId":"source","hide":false,"aggFunc":null,"width":300,"pivotIndex":null,"pinned":null,"rowGroupIndex":null},{"colId":"fund","hide":false,"aggFunc":null,"width":87,"pivotIndex":null,"pinned":null,"rowGroupIndex":null},{"colId":"AccountCategory","hide":false,"aggFunc":null,"width":108,"pivotIndex":null,"pinned":null,"rowGroupIndex":0},{"colId":"AccountType","hide":false,"aggFunc":null,"width":135,"pivotIndex":null,"pinned":null,"rowGroupIndex":1},{"colId":"accountName","hide":false,"aggFunc":null,"width":175,"pivotIndex":null,"pinned":null,"rowGroupIndex":null},{"colId":"accountDescription","hide":false,"aggFunc":null,"width":168,"pivotIndex":null,"pinned":null,"rowGroupIndex":null},{"colId":"when","hide":false,"aggFunc":null,"width":106,"pivotIndex":null,"pinned":null,"rowGroupIndex":null},{"colId":"debit","hide":false,"aggFunc":"sum","width":140,"pivotIndex":null,"pinned":null,"rowGroupIndex":null},{"colId":"credit","hide":false,"aggFunc":"sum","width":140,"pivotIndex":null,"pinned":null,"rowGroupIndex":null},{"colId":"balance","hide":false,"aggFunc":"sum","width":124,"pivotIndex":null,"pinned":null,"rowGroupIndex":null},{"colId":"quantity","hide":true,"aggFunc":"sum","width":115,"pivotIndex":null,"pinned":null,"rowGroupIndex":null},{"colId":"symbol","hide":false,"aggFunc":null,"width":100,"pivotIndex":null,"pinned":null,"rowGroupIndex":2},{"colId":"fxrate","hide":false,"aggFunc":null,"width":99,"pivotIndex":null,"pinned":null,"rowGroupIndex":null},{"colId":"event","hide":false,"aggFunc":null,"width":146,"pivotIndex":null,"pinned":null,"rowGroupIndex":null},{"colId":"security_id","hide":false,"aggFunc":null,"width":116,"pivotIndex":null,"pinned":null,"rowGroupIndex":null},{"colId":"fx_currency","hide":false,"aggFunc":null,"width":120,"pivotIndex":null,"pinned":null,"rowGroupIndex":null},{"colId":"value","hide":false,"aggFunc":null,"width":115,"pivotIndex":null,"pinned":null,"rowGroupIndex":null},{"colId":"start_price","hide":false,"aggFunc":null,"width":115,"pivotIndex":null,"pinned":null,"rowGroupIndex":null},{"colId":"end_price","hide":false,"aggFunc":null,"width":112,"pivotIndex":null,"pinned":null,"rowGroupIndex":null},{"colId":"is_account_to","hide":false,"aggFunc":null,"width":131,"pivotIndex":null,"pinned":null,"rowGroupIndex":null},{"colId":"TradeId","hide":false,"aggFunc":null,"width":100,"pivotIndex":null,"pinned":null,"rowGroupIndex":null},{"colId":"Action","hide":false,"aggFunc":null,"width":95,"pivotIndex":null,"pinned":null,"rowGroupIndex":null},{"colId":"Status","hide":false,"aggFunc":null,"width":93,"pivotIndex":null,"pinned":null,"rowGroupIndex":null},{"colId":"CustodianCode","hide":false,"aggFunc":null,"width":142,"pivotIndex":null,"pinned":null,"rowGroupIndex":null},{"colId":"SecurityType","hide":false,"aggFunc":null,"width":127,"pivotIndex":null,"pinned":null,"rowGroupIndex":null},{"colId":"Side","hide":false,"aggFunc":null,"width":83,"pivotIndex":null,"pinned":null,"rowGroupIndex":null}]', N'[]', N'[{"colId":"AccountCategory","sort":"asc"}]', N'{"AccountType":{"values":["FX MARK TO MARKET ON STOCK COST (SHORTS)","FX MARKET TO MARKET ON STOCK COST","Mark to Market Derivatives Contracts at Fair Value (Assets)","Mark to Market Derivatives Contracts at Fair Value (Liabilities)","Mark to Market Longs","Mark to Market Shorts","Mark to Market longs fx translation gain or loss","Mark to Market shorts fx translation gain or loss","LONG POSITIONS AT COST","ACCRUED EXPENSES","CHANGE IN UNREALIZED GAIN/(LOSS)","CONTRIBUTED CAPITAL","Change in Unrealized Derivatives Contracts at Fair Value","Change in Unrealized Derivatives Contracts due to FX Translation","Change in unrealized due to fx on original Cost","Expenses Paid","Net Income 2019","PREPAID EXPENSES","REALIZED GAIN/(LOSS)","REALIZED GAIN/(LOSS) DUE TO FX","SHORT POSITIONS AT COST","change in unrealized do to fx translation","fx gain or loss on settled balance","fx gain or loss on unsettled balance"],"filterType":"set"},"AccountCategory":{"values":["Asset","Liability","Revenues"],"filterType":"set"}}', N'{"fundFilter":"All Funds","symbolFilter":"ILPT","zeroBalanceFilter":0,"absoluteSortingModel":{"sortingApplied":false,"sortingOn":[]},"dateFilter":{"startDate":"","endDate":""}}', 0, 0)
INSERT [dbo].[data_grid_layouts] ([id], [grid_id], [grid_name], [grid_layout_name], [userId], [pivot_mode], [column_state], [group_state], [sort_state], [filter_state], [external_filter_state], [is_public], [is_default]) VALUES (22, 1, N'Journals Ledgers', N'Bobby-Citco Pos&Mkt Value', 1, N'false', N'[{"colId":"ag-Grid-AutoColumn","hide":false,"aggFunc":null,"width":450,"pivotIndex":null,"pinned":"left","rowGroupIndex":null},{"colId":"TradeDate","hide":true,"aggFunc":null,"width":156,"pivotIndex":null,"pinned":null,"rowGroupIndex":null},{"colId":"SettleDate","hide":true,"aggFunc":null,"width":156,"pivotIndex":null,"pinned":null,"rowGroupIndex":null},{"colId":"id","hide":false,"aggFunc":null,"width":71,"pivotIndex":null,"pinned":null,"rowGroupIndex":null},{"colId":"source","hide":false,"aggFunc":null,"width":300,"pivotIndex":null,"pinned":null,"rowGroupIndex":null},{"colId":"fund","hide":false,"aggFunc":null,"width":87,"pivotIndex":null,"pinned":null,"rowGroupIndex":null},{"colId":"AccountCategory","hide":false,"aggFunc":null,"width":108,"pivotIndex":null,"pinned":null,"rowGroupIndex":0},{"colId":"AccountType","hide":false,"aggFunc":null,"width":85,"pivotIndex":null,"pinned":null,"rowGroupIndex":1},{"colId":"accountName","hide":false,"aggFunc":null,"width":139,"pivotIndex":null,"pinned":null,"rowGroupIndex":null},{"colId":"accountDescription","hide":false,"aggFunc":null,"width":168,"pivotIndex":null,"pinned":null,"rowGroupIndex":null},{"colId":"when","hide":false,"aggFunc":null,"width":89,"pivotIndex":null,"pinned":null,"rowGroupIndex":null},{"colId":"debit","hide":false,"aggFunc":"sum","width":140,"pivotIndex":null,"pinned":null,"rowGroupIndex":null},{"colId":"credit","hide":false,"aggFunc":"sum","width":140,"pivotIndex":null,"pinned":null,"rowGroupIndex":null},{"colId":"balance","hide":false,"aggFunc":"sum","width":137,"pivotIndex":null,"pinned":null,"rowGroupIndex":null},{"colId":"quantity","hide":false,"aggFunc":"sum","width":115,"pivotIndex":null,"pinned":null,"rowGroupIndex":null},{"colId":"symbol","hide":false,"aggFunc":null,"width":100,"pivotIndex":null,"pinned":null,"rowGroupIndex":2},{"colId":"fxrate","hide":false,"aggFunc":null,"width":99,"pivotIndex":null,"pinned":null,"rowGroupIndex":null},{"colId":"event","hide":false,"aggFunc":null,"width":90,"pivotIndex":null,"pinned":null,"rowGroupIndex":3},{"colId":"security_id","hide":false,"aggFunc":null,"width":116,"pivotIndex":null,"pinned":null,"rowGroupIndex":null},{"colId":"fx_currency","hide":false,"aggFunc":null,"width":120,"pivotIndex":null,"pinned":null,"rowGroupIndex":null},{"colId":"value","hide":false,"aggFunc":null,"width":88,"pivotIndex":null,"pinned":null,"rowGroupIndex":null},{"colId":"start_price","hide":false,"aggFunc":null,"width":114,"pivotIndex":null,"pinned":null,"rowGroupIndex":null},{"colId":"end_price","hide":false,"aggFunc":null,"width":109,"pivotIndex":null,"pinned":null,"rowGroupIndex":null},{"colId":"is_account_to","hide":false,"aggFunc":null,"width":131,"pivotIndex":null,"pinned":null,"rowGroupIndex":null},{"colId":"TradeId","hide":false,"aggFunc":null,"width":100,"pivotIndex":null,"pinned":null,"rowGroupIndex":null},{"colId":"Action","hide":false,"aggFunc":null,"width":95,"pivotIndex":null,"pinned":null,"rowGroupIndex":null},{"colId":"Status","hide":false,"aggFunc":null,"width":93,"pivotIndex":null,"pinned":null,"rowGroupIndex":null},{"colId":"CustodianCode","hide":false,"aggFunc":null,"width":142,"pivotIndex":null,"pinned":null,"rowGroupIndex":null},{"colId":"SecurityType","hide":false,"aggFunc":null,"width":127,"pivotIndex":null,"pinned":null,"rowGroupIndex":null},{"colId":"Side","hide":false,"aggFunc":null,"width":83,"pivotIndex":null,"pinned":null,"rowGroupIndex":null}]', N'[]', N'[]', N'{"AccountType":{"values":["ACCRUED EXPENSES","CHANGE IN UNREALIZED GAIN/(LOSS)","CONTRIBUTED CAPITAL","Change in Unrealized Derivatives Contracts at Fair Value","Change in Unrealized Derivatives Contracts due to FX Translation","Change in unrealized due to fx on original Cost","Expenses Paid","FX MARK TO MARKET ON STOCK COST (SHORTS)","FX MARKET TO MARKET ON STOCK COST","LONG POSITIONS AT COST","Mark to Market Derivatives Contracts at Fair Value (Assets)","Mark to Market Derivatives Contracts at Fair Value (Liabilities)","Mark to Market Longs","Mark to Market Shorts","Mark to Market longs fx translation gain or loss","Mark to Market shorts fx translation gain or loss","Net Income 2019","PREPAID EXPENSES","REALIZED GAIN/(LOSS)","REALIZED GAIN/(LOSS) DUE TO FX","SHORT POSITIONS AT COST","change in unrealized do to fx translation","fx gain or loss on settled balance","fx gain or loss on unsettled balance"],"filterType":"set"}}', N'{"fundFilter":"All Funds","symbolFilter":"byg ln","zeroBalanceFilter":0,"absoluteSortingModel":{"sortingApplied":false,"sortingOn":[]},"dateFilter":{"startDate":"","endDate":""}}', 0, 0)
INSERT [dbo].[data_grid_layouts] ([id], [grid_id], [grid_name], [grid_layout_name], [userId], [pivot_mode], [column_state], [group_state], [sort_state], [filter_state], [external_filter_state], [is_public], [is_default]) VALUES (23, 1, N'Journals Ledgers', N'Citco Long Rec', 1, N'false', N'[{"colId":"ag-Grid-AutoColumn","hide":false,"aggFunc":null,"width":450,"pivotIndex":null,"pinned":"left","rowGroupIndex":null},{"colId":"TradeDate","hide":true,"aggFunc":null,"width":156,"pivotIndex":null,"pinned":null,"rowGroupIndex":null},{"colId":"SettleDate","hide":true,"aggFunc":null,"width":156,"pivotIndex":null,"pinned":null,"rowGroupIndex":null},{"colId":"id","hide":false,"aggFunc":null,"width":71,"pivotIndex":null,"pinned":null,"rowGroupIndex":null},{"colId":"source","hide":false,"aggFunc":null,"width":300,"pivotIndex":null,"pinned":null,"rowGroupIndex":null},{"colId":"fund","hide":false,"aggFunc":null,"width":87,"pivotIndex":null,"pinned":null,"rowGroupIndex":null},{"colId":"AccountCategory","hide":false,"aggFunc":null,"width":108,"pivotIndex":null,"pinned":null,"rowGroupIndex":1},{"colId":"AccountType","hide":false,"aggFunc":null,"width":85,"pivotIndex":null,"pinned":null,"rowGroupIndex":2},{"colId":"accountName","hide":false,"aggFunc":null,"width":139,"pivotIndex":null,"pinned":null,"rowGroupIndex":null},{"colId":"accountDescription","hide":false,"aggFunc":null,"width":168,"pivotIndex":null,"pinned":null,"rowGroupIndex":null},{"colId":"when","hide":false,"aggFunc":null,"width":89,"pivotIndex":null,"pinned":null,"rowGroupIndex":null},{"colId":"debit","hide":false,"aggFunc":"sum","width":140,"pivotIndex":null,"pinned":null,"rowGroupIndex":null},{"colId":"credit","hide":false,"aggFunc":"sum","width":140,"pivotIndex":null,"pinned":null,"rowGroupIndex":null},{"colId":"balance","hide":false,"aggFunc":"sum","width":137,"pivotIndex":null,"pinned":null,"rowGroupIndex":null},{"colId":"quantity","hide":false,"aggFunc":"sum","width":115,"pivotIndex":null,"pinned":null,"rowGroupIndex":null},{"colId":"symbol","hide":false,"aggFunc":null,"width":100,"pivotIndex":null,"pinned":null,"rowGroupIndex":0},{"colId":"fxrate","hide":false,"aggFunc":null,"width":99,"pivotIndex":null,"pinned":null,"rowGroupIndex":null},{"colId":"event","hide":false,"aggFunc":null,"width":90,"pivotIndex":null,"pinned":null,"rowGroupIndex":3},{"colId":"security_id","hide":false,"aggFunc":null,"width":116,"pivotIndex":null,"pinned":null,"rowGroupIndex":null},{"colId":"fx_currency","hide":false,"aggFunc":null,"width":120,"pivotIndex":null,"pinned":null,"rowGroupIndex":null},{"colId":"value","hide":false,"aggFunc":null,"width":88,"pivotIndex":null,"pinned":null,"rowGroupIndex":null},{"colId":"start_price","hide":false,"aggFunc":null,"width":114,"pivotIndex":null,"pinned":null,"rowGroupIndex":null},{"colId":"end_price","hide":false,"aggFunc":null,"width":109,"pivotIndex":null,"pinned":null,"rowGroupIndex":null},{"colId":"is_account_to","hide":false,"aggFunc":null,"width":131,"pivotIndex":null,"pinned":null,"rowGroupIndex":null},{"colId":"TradeId","hide":false,"aggFunc":null,"width":100,"pivotIndex":null,"pinned":null,"rowGroupIndex":null},{"colId":"Action","hide":false,"aggFunc":null,"width":95,"pivotIndex":null,"pinned":null,"rowGroupIndex":null},{"colId":"Status","hide":false,"aggFunc":null,"width":93,"pivotIndex":null,"pinned":null,"rowGroupIndex":null},{"colId":"CustodianCode","hide":false,"aggFunc":null,"width":142,"pivotIndex":null,"pinned":null,"rowGroupIndex":null},{"colId":"SecurityType","hide":false,"aggFunc":null,"width":127,"pivotIndex":null,"pinned":null,"rowGroupIndex":null},{"colId":"Side","hide":false,"aggFunc":null,"width":83,"pivotIndex":null,"pinned":null,"rowGroupIndex":null}]', N'[]', N'[{"colId":"SecurityType","sort":"desc"}]', N'{"Side":{"values":["SHORT","SELL","BUY"],"filterType":"set"},"AccountType":{"values":["ACCRUED EXPENSES","CHANGE IN UNREALIZED GAIN/(LOSS)","CONTRIBUTED CAPITAL","Change in Unrealized Derivatives Contracts at Fair Value","Change in Unrealized Derivatives Contracts due to FX Translation","Change in unrealized due to fx on original Cost","Expenses Paid","FX MARK TO MARKET ON STOCK COST (SHORTS)","FX MARKET TO MARKET ON STOCK COST","LONG POSITIONS AT COST","Mark to Market Derivatives Contracts at Fair Value (Assets)","Mark to Market Derivatives Contracts at Fair Value (Liabilities)","Mark to Market Longs","Mark to Market Shorts","Mark to Market longs fx translation gain or loss","Mark to Market shorts fx translation gain or loss","Net Income 2019","PREPAID EXPENSES","REALIZED GAIN/(LOSS)","REALIZED GAIN/(LOSS) DUE TO FX","SHORT POSITIONS AT COST","change in unrealized do to fx translation","fx gain or loss on settled balance","fx gain or loss on unsettled balance"],"filterType":"set"},"AccountCategory":{"values":["Asset"],"filterType":"set"},"SecurityType":{"values":["Common Stock","REIT","Unit","Open-End Fund","Cash","Equity Option"],"filterType":"set"}}', N'{"fundFilter":"All Funds","symbolFilter":"","zeroBalanceFilter":false,"absoluteSortingModel":{"sortingApplied":false,"sortingOn":[]},"dateFilter":{"startDate":"","endDate":""}}', 0, 0)
INSERT [dbo].[data_grid_layouts] ([id], [grid_id], [grid_name], [grid_layout_name], [userId], [pivot_mode], [column_state], [group_state], [sort_state], [filter_state], [external_filter_state], [is_public], [is_default]) VALUES (24, 1, N'Journals Ledgers', N'Citco - Derivs', 1, N'false', N'[{"colId":"ag-Grid-AutoColumn","hide":false,"aggFunc":null,"width":463,"pivotIndex":null,"pinned":"left","rowGroupIndex":null},{"colId":"TradeDate","hide":true,"aggFunc":null,"width":200,"pivotIndex":null,"pinned":null,"rowGroupIndex":null},{"colId":"SettleDate","hide":true,"aggFunc":null,"width":200,"pivotIndex":null,"pinned":null,"rowGroupIndex":null},{"colId":"id","hide":false,"aggFunc":null,"width":90,"pivotIndex":null,"pinned":null,"rowGroupIndex":null},{"colId":"source","hide":false,"aggFunc":null,"width":300,"pivotIndex":null,"pinned":null,"rowGroupIndex":1},{"colId":"fund","hide":false,"aggFunc":null,"width":87,"pivotIndex":null,"pinned":null,"rowGroupIndex":null},{"colId":"AccountCategory","hide":false,"aggFunc":null,"width":108,"pivotIndex":null,"pinned":null,"rowGroupIndex":4},{"colId":"AccountType","hide":false,"aggFunc":null,"width":135,"pivotIndex":null,"pinned":null,"rowGroupIndex":5},{"colId":"accountName","hide":false,"aggFunc":null,"width":175,"pivotIndex":null,"pinned":null,"rowGroupIndex":null},{"colId":"accountDescription","hide":false,"aggFunc":null,"width":168,"pivotIndex":null,"pinned":null,"rowGroupIndex":null},{"colId":"when","hide":false,"aggFunc":null,"width":106,"pivotIndex":null,"pinned":null,"rowGroupIndex":2},{"colId":"debit","hide":false,"aggFunc":"sum","width":140,"pivotIndex":null,"pinned":null,"rowGroupIndex":null},{"colId":"credit","hide":false,"aggFunc":"sum","width":140,"pivotIndex":null,"pinned":null,"rowGroupIndex":null},{"colId":"balance","hide":false,"aggFunc":"sum","width":124,"pivotIndex":null,"pinned":null,"rowGroupIndex":null},{"colId":"quantity","hide":false,"aggFunc":"sum","width":115,"pivotIndex":null,"pinned":null,"rowGroupIndex":null},{"colId":"symbol","hide":false,"aggFunc":null,"width":100,"pivotIndex":null,"pinned":null,"rowGroupIndex":0},{"colId":"fxrate","hide":false,"aggFunc":null,"width":99,"pivotIndex":null,"pinned":null,"rowGroupIndex":null},{"colId":"event","hide":false,"aggFunc":null,"width":146,"pivotIndex":null,"pinned":null,"rowGroupIndex":3},{"colId":"security_id","hide":false,"aggFunc":null,"width":116,"pivotIndex":null,"pinned":null,"rowGroupIndex":null},{"colId":"fx_currency","hide":false,"aggFunc":null,"width":120,"pivotIndex":null,"pinned":null,"rowGroupIndex":null},{"colId":"value","hide":false,"aggFunc":null,"width":115,"pivotIndex":null,"pinned":null,"rowGroupIndex":null},{"colId":"start_price","hide":false,"aggFunc":null,"width":115,"pivotIndex":null,"pinned":null,"rowGroupIndex":null},{"colId":"end_price","hide":false,"aggFunc":null,"width":112,"pivotIndex":null,"pinned":null,"rowGroupIndex":null},{"colId":"is_account_to","hide":false,"aggFunc":null,"width":131,"pivotIndex":null,"pinned":null,"rowGroupIndex":null},{"colId":"TradeId","hide":false,"aggFunc":null,"width":100,"pivotIndex":null,"pinned":null,"rowGroupIndex":null},{"colId":"Action","hide":false,"aggFunc":null,"width":95,"pivotIndex":null,"pinned":null,"rowGroupIndex":null},{"colId":"Status","hide":false,"aggFunc":null,"width":93,"pivotIndex":null,"pinned":null,"rowGroupIndex":null},{"colId":"CustodianCode","hide":false,"aggFunc":null,"width":142,"pivotIndex":null,"pinned":null,"rowGroupIndex":null},{"colId":"SecurityType","hide":false,"aggFunc":null,"width":127,"pivotIndex":null,"pinned":null,"rowGroupIndex":null},{"colId":"Side","hide":false,"aggFunc":null,"width":83,"pivotIndex":null,"pinned":null,"rowGroupIndex":null}]', N'[]', N'[]', N'{"AccountCategory":{"values":["Asset","Liability","Equity","Expenses"],"filterType":"set"},"SecurityType":{"values":["CROSS","Equity Swap","FORWARD"],"filterType":"set"}}', N'{"fundFilter":"All Funds","symbolFilter":"","zeroBalanceFilter":0,"absoluteSortingModel":{"sortingApplied":false,"sortingOn":[]},"dateFilter":{"startDate":"","endDate":""}}', 0, 0)
INSERT [dbo].[data_grid_layouts] ([id], [grid_id], [grid_name], [grid_layout_name], [userId], [pivot_mode], [column_state], [group_state], [sort_state], [filter_state], [external_filter_state], [is_public], [is_default]) VALUES (26, 1, N'Journals Ledgers', N'Bobby-Activity Rec', 1, N'false', N'[{"colId":"event","hide":false,"aggFunc":null,"width":102,"pivotIndex":null,"pinned":"left","rowGroupIndex":null},{"colId":"AccountCategory","hide":false,"aggFunc":null,"width":83,"pivotIndex":null,"pinned":"left","rowGroupIndex":null},{"colId":"symbol","hide":false,"aggFunc":null,"width":58,"pivotIndex":null,"pinned":"left","rowGroupIndex":null},{"colId":"id","hide":false,"aggFunc":null,"width":78,"pivotIndex":null,"pinned":null,"rowGroupIndex":null},{"colId":"source","hide":false,"aggFunc":null,"width":300,"pivotIndex":null,"pinned":"left","rowGroupIndex":null},{"colId":"fund","hide":false,"aggFunc":null,"width":87,"pivotIndex":null,"pinned":null,"rowGroupIndex":null},{"colId":"AccountType","hide":false,"aggFunc":null,"width":249,"pivotIndex":null,"pinned":null,"rowGroupIndex":null},{"colId":"accountDescription","hide":true,"aggFunc":null,"width":168,"pivotIndex":null,"pinned":null,"rowGroupIndex":null},{"colId":"when","hide":false,"aggFunc":null,"width":106,"pivotIndex":null,"pinned":null,"rowGroupIndex":null},{"colId":"debit","hide":false,"aggFunc":"sum","width":123,"pivotIndex":null,"pinned":null,"rowGroupIndex":null},{"colId":"credit","hide":false,"aggFunc":"sum","width":123,"pivotIndex":null,"pinned":null,"rowGroupIndex":null},{"colId":"accountName","hide":true,"aggFunc":null,"width":382,"pivotIndex":null,"pinned":null,"rowGroupIndex":null},{"colId":"balance","hide":false,"aggFunc":"sum","width":109,"pivotIndex":null,"pinned":null,"rowGroupIndex":null},{"colId":"quantity","hide":false,"aggFunc":"sum","width":106,"pivotIndex":null,"pinned":null,"rowGroupIndex":null},{"colId":"fxrate","hide":false,"aggFunc":null,"width":99,"pivotIndex":null,"pinned":null,"rowGroupIndex":null},{"colId":"start_price","hide":false,"aggFunc":null,"width":114,"pivotIndex":null,"pinned":null,"rowGroupIndex":null},{"colId":"end_price","hide":false,"aggFunc":null,"width":112,"pivotIndex":null,"pinned":null,"rowGroupIndex":null},{"colId":"security_id","hide":false,"width":116,"pivotIndex":null,"pinned":null,"rowGroupIndex":null},{"colId":"fx_currency","hide":false,"aggFunc":null,"width":120,"pivotIndex":null,"pinned":null,"rowGroupIndex":null},{"colId":"value","hide":false,"width":100,"pivotIndex":null,"pinned":null,"rowGroupIndex":null},{"colId":"is_account_to","hide":false,"aggFunc":null,"width":131,"pivotIndex":null,"pinned":null,"rowGroupIndex":null},{"colId":"TradeDate","hide":false,"aggFunc":null,"width":156,"pivotIndex":null,"pinned":null,"rowGroupIndex":null},{"colId":"SettleDate","hide":false,"aggFunc":null,"width":156,"pivotIndex":null,"pinned":null,"rowGroupIndex":null},{"colId":"TradeId","hide":false,"aggFunc":null,"width":240,"pivotIndex":null,"pinned":null,"rowGroupIndex":null},{"colId":"Action","hide":false,"aggFunc":null,"width":95,"pivotIndex":null,"pinned":null,"rowGroupIndex":null},{"colId":"Status","hide":false,"aggFunc":null,"width":93,"pivotIndex":null,"pinned":null,"rowGroupIndex":null},{"colId":"CustodianCode","hide":false,"aggFunc":null,"width":142,"pivotIndex":null,"pinned":null,"rowGroupIndex":null},{"colId":"SecurityType","hide":false,"aggFunc":null,"width":127,"pivotIndex":null,"pinned":null,"rowGroupIndex":null},{"colId":"Side","hide":false,"aggFunc":null,"width":83,"pivotIndex":null,"pinned":null,"rowGroupIndex":null}]', N'[]', N'[{"colId":"when","sort":"asc"}]', N'{"TradeId":{"filterType":"text","type":"contains","filter":"da474"}}', N'{"fundFilter":"All Funds","symbolFilter":"","zeroBalanceFilter":0,"absoluteSortingModel":{"sortingApplied":false,"sortingOn":[]},"dateFilter":{"startDate":"","endDate":""}}', 0, 0)
INSERT [dbo].[data_grid_layouts] ([id], [grid_id], [grid_name], [grid_layout_name], [userId], [pivot_mode], [column_state], [group_state], [sort_state], [filter_state], [external_filter_state], [is_public], [is_default]) VALUES (27, 1, N'Journals Ledgers', N'Bobby-Activity Rec', 1, N'false', N'[{"colId":"event","hide":false,"aggFunc":null,"width":102,"pivotIndex":null,"pinned":"left","rowGroupIndex":null},{"colId":"AccountCategory","hide":false,"aggFunc":null,"width":83,"pivotIndex":null,"pinned":"left","rowGroupIndex":null},{"colId":"symbol","hide":false,"aggFunc":null,"width":58,"pivotIndex":null,"pinned":"left","rowGroupIndex":null},{"colId":"TradeId","hide":false,"aggFunc":null,"width":240,"pivotIndex":null,"pinned":"left","rowGroupIndex":null},{"colId":"id","hide":false,"aggFunc":null,"width":78,"pivotIndex":null,"pinned":null,"rowGroupIndex":null},{"colId":"fund","hide":false,"aggFunc":null,"width":87,"pivotIndex":null,"pinned":null,"rowGroupIndex":null},{"colId":"AccountType","hide":false,"aggFunc":null,"width":249,"pivotIndex":null,"pinned":null,"rowGroupIndex":null},{"colId":"accountDescription","hide":true,"aggFunc":null,"width":168,"pivotIndex":null,"pinned":null,"rowGroupIndex":null},{"colId":"when","hide":false,"aggFunc":null,"width":106,"pivotIndex":null,"pinned":null,"rowGroupIndex":null},{"colId":"debit","hide":false,"aggFunc":"sum","width":123,"pivotIndex":null,"pinned":null,"rowGroupIndex":null},{"colId":"credit","hide":false,"aggFunc":"sum","width":123,"pivotIndex":null,"pinned":null,"rowGroupIndex":null},{"colId":"accountName","hide":true,"aggFunc":null,"width":382,"pivotIndex":null,"pinned":null,"rowGroupIndex":null},{"colId":"balance","hide":false,"aggFunc":"sum","width":109,"pivotIndex":null,"pinned":null,"rowGroupIndex":null},{"colId":"quantity","hide":false,"aggFunc":"sum","width":106,"pivotIndex":null,"pinned":null,"rowGroupIndex":null},{"colId":"fxrate","hide":false,"aggFunc":null,"width":99,"pivotIndex":null,"pinned":null,"rowGroupIndex":null},{"colId":"start_price","hide":false,"aggFunc":null,"width":114,"pivotIndex":null,"pinned":null,"rowGroupIndex":null},{"colId":"end_price","hide":false,"aggFunc":null,"width":112,"pivotIndex":null,"pinned":null,"rowGroupIndex":null},{"colId":"security_id","hide":false,"width":116,"pivotIndex":null,"pinned":null,"rowGroupIndex":null},{"colId":"fx_currency","hide":false,"aggFunc":null,"width":120,"pivotIndex":null,"pinned":null,"rowGroupIndex":null},{"colId":"value","hide":false,"width":100,"pivotIndex":null,"pinned":null,"rowGroupIndex":null},{"colId":"is_account_to","hide":false,"aggFunc":null,"width":131,"pivotIndex":null,"pinned":null,"rowGroupIndex":null},{"colId":"TradeDate","hide":false,"aggFunc":null,"width":156,"pivotIndex":null,"pinned":null,"rowGroupIndex":null},{"colId":"SettleDate","hide":false,"aggFunc":null,"width":156,"pivotIndex":null,"pinned":null,"rowGroupIndex":null},{"colId":"Action","hide":false,"aggFunc":null,"width":95,"pivotIndex":null,"pinned":null,"rowGroupIndex":null},{"colId":"source","hide":false,"aggFunc":null,"width":300,"pivotIndex":null,"pinned":null,"rowGroupIndex":null},{"colId":"Status","hide":false,"aggFunc":null,"width":93,"pivotIndex":null,"pinned":null,"rowGroupIndex":null},{"colId":"CustodianCode","hide":false,"aggFunc":null,"width":142,"pivotIndex":null,"pinned":null,"rowGroupIndex":null},{"colId":"SecurityType","hide":false,"aggFunc":null,"width":127,"pivotIndex":null,"pinned":null,"rowGroupIndex":null},{"colId":"Side","hide":false,"aggFunc":null,"width":83,"pivotIndex":null,"pinned":null,"rowGroupIndex":null}]', N'[]', N'[{"colId":"when","sort":"asc"}]', N'{}', N'{"fundFilter":"All Funds","symbolFilter":"","zeroBalanceFilter":0,"absoluteSortingModel":{"sortingApplied":false,"sortingOn":[]},"dateFilter":{"startDate":"","endDate":""}}', 0, 0)
INSERT [dbo].[data_grid_layouts] ([id], [grid_id], [grid_name], [grid_layout_name], [userId], [pivot_mode], [column_state], [group_state], [sort_state], [filter_state], [external_filter_state], [is_public], [is_default]) VALUES (28, 1, N'Journals Ledgers', N'Bobby-Activity Rec', 1, N'false', N'[{"colId":"event","hide":false,"aggFunc":null,"width":102,"pivotIndex":null,"pinned":"left","rowGroupIndex":null},{"colId":"AccountCategory","hide":false,"aggFunc":null,"width":83,"pivotIndex":null,"pinned":"left","rowGroupIndex":null},{"colId":"symbol","hide":false,"aggFunc":null,"width":58,"pivotIndex":null,"pinned":"left","rowGroupIndex":null},{"colId":"TradeId","hide":false,"aggFunc":null,"width":240,"pivotIndex":null,"pinned":"left","rowGroupIndex":null},{"colId":"id","hide":false,"aggFunc":null,"width":78,"pivotIndex":null,"pinned":null,"rowGroupIndex":null},{"colId":"fund","hide":false,"aggFunc":null,"width":87,"pivotIndex":null,"pinned":null,"rowGroupIndex":null},{"colId":"AccountType","hide":false,"aggFunc":null,"width":249,"pivotIndex":null,"pinned":null,"rowGroupIndex":null},{"colId":"accountDescription","hide":true,"aggFunc":null,"width":168,"pivotIndex":null,"pinned":null,"rowGroupIndex":null},{"colId":"when","hide":false,"aggFunc":null,"width":106,"pivotIndex":null,"pinned":null,"rowGroupIndex":null},{"colId":"debit","hide":false,"aggFunc":"sum","width":123,"pivotIndex":null,"pinned":null,"rowGroupIndex":null},{"colId":"credit","hide":false,"aggFunc":"sum","width":123,"pivotIndex":null,"pinned":null,"rowGroupIndex":null},{"colId":"accountName","hide":true,"aggFunc":null,"width":382,"pivotIndex":null,"pinned":null,"rowGroupIndex":null},{"colId":"balance","hide":false,"aggFunc":"sum","width":109,"pivotIndex":null,"pinned":null,"rowGroupIndex":null},{"colId":"quantity","hide":false,"aggFunc":"sum","width":106,"pivotIndex":null,"pinned":null,"rowGroupIndex":null},{"colId":"fxrate","hide":false,"aggFunc":null,"width":99,"pivotIndex":null,"pinned":null,"rowGroupIndex":null},{"colId":"start_price","hide":false,"aggFunc":null,"width":114,"pivotIndex":null,"pinned":null,"rowGroupIndex":null},{"colId":"end_price","hide":false,"aggFunc":null,"width":112,"pivotIndex":null,"pinned":null,"rowGroupIndex":null},{"colId":"security_id","hide":false,"width":116,"pivotIndex":null,"pinned":null,"rowGroupIndex":null},{"colId":"fx_currency","hide":false,"aggFunc":null,"width":120,"pivotIndex":null,"pinned":null,"rowGroupIndex":null},{"colId":"value","hide":false,"width":100,"pivotIndex":null,"pinned":null,"rowGroupIndex":null},{"colId":"is_account_to","hide":false,"aggFunc":null,"width":131,"pivotIndex":null,"pinned":null,"rowGroupIndex":null},{"colId":"TradeDate","hide":false,"aggFunc":null,"width":156,"pivotIndex":null,"pinned":null,"rowGroupIndex":null},{"colId":"SettleDate","hide":false,"aggFunc":null,"width":156,"pivotIndex":null,"pinned":null,"rowGroupIndex":null},{"colId":"Action","hide":false,"aggFunc":null,"width":95,"pivotIndex":null,"pinned":null,"rowGroupIndex":null},{"colId":"source","hide":false,"aggFunc":null,"width":300,"pivotIndex":null,"pinned":null,"rowGroupIndex":null},{"colId":"Status","hide":false,"aggFunc":null,"width":93,"pivotIndex":null,"pinned":null,"rowGroupIndex":null},{"colId":"CustodianCode","hide":false,"aggFunc":null,"width":142,"pivotIndex":null,"pinned":null,"rowGroupIndex":null},{"colId":"SecurityType","hide":false,"aggFunc":null,"width":127,"pivotIndex":null,"pinned":null,"rowGroupIndex":null},{"colId":"Side","hide":false,"aggFunc":null,"width":83,"pivotIndex":null,"pinned":null,"rowGroupIndex":null}]', N'[]', N'[{"colId":"when","sort":"asc"}]', N'{"TradeId":{"filterType":"text","type":"contains","filter":"fe65c"}}', N'{"fundFilter":"All Funds","symbolFilter":"","zeroBalanceFilter":0,"absoluteSortingModel":{"sortingApplied":false,"sortingOn":[]},"dateFilter":{"startDate":"","endDate":""}}', 0, 0)
INSERT [dbo].[data_grid_layouts] ([id], [grid_id], [grid_name], [grid_layout_name], [userId], [pivot_mode], [column_state], [group_state], [sort_state], [filter_state], [external_filter_state], [is_public], [is_default]) VALUES (29, 1, N'Journals Ledgers', N'Bobby-Activity Rec', 1, N'false', N'[{"colId":"Side","hide":false,"aggFunc":null,"width":65,"pivotIndex":null,"pinned":"left","rowGroupIndex":null},{"colId":"event","hide":false,"aggFunc":null,"width":97,"pivotIndex":null,"pinned":"left","rowGroupIndex":null},{"colId":"AccountCategory","hide":false,"aggFunc":null,"width":83,"pivotIndex":null,"pinned":"left","rowGroupIndex":null},{"colId":"symbol","hide":false,"aggFunc":null,"width":58,"pivotIndex":null,"pinned":"left","rowGroupIndex":null},{"colId":"TradeId","hide":false,"aggFunc":null,"width":240,"pivotIndex":null,"pinned":"left","rowGroupIndex":null},{"colId":"id","hide":false,"aggFunc":null,"width":78,"pivotIndex":null,"pinned":null,"rowGroupIndex":null},{"colId":"fund","hide":false,"aggFunc":null,"width":87,"pivotIndex":null,"pinned":null,"rowGroupIndex":null},{"colId":"AccountType","hide":false,"aggFunc":null,"width":249,"pivotIndex":null,"pinned":null,"rowGroupIndex":null},{"colId":"accountDescription","hide":true,"aggFunc":null,"width":168,"pivotIndex":null,"pinned":null,"rowGroupIndex":null},{"colId":"when","hide":false,"aggFunc":null,"width":106,"pivotIndex":null,"pinned":null,"rowGroupIndex":null},{"colId":"debit","hide":false,"aggFunc":"sum","width":123,"pivotIndex":null,"pinned":null,"rowGroupIndex":null},{"colId":"credit","hide":false,"aggFunc":"sum","width":123,"pivotIndex":null,"pinned":null,"rowGroupIndex":null},{"colId":"accountName","hide":true,"aggFunc":null,"width":382,"pivotIndex":null,"pinned":null,"rowGroupIndex":null},{"colId":"balance","hide":false,"aggFunc":"sum","width":109,"pivotIndex":null,"pinned":null,"rowGroupIndex":null},{"colId":"quantity","hide":false,"aggFunc":"sum","width":106,"pivotIndex":null,"pinned":null,"rowGroupIndex":null},{"colId":"fxrate","hide":false,"aggFunc":null,"width":99,"pivotIndex":null,"pinned":null,"rowGroupIndex":null},{"colId":"start_price","hide":false,"aggFunc":null,"width":114,"pivotIndex":null,"pinned":null,"rowGroupIndex":null},{"colId":"end_price","hide":false,"aggFunc":null,"width":112,"pivotIndex":null,"pinned":null,"rowGroupIndex":null},{"colId":"security_id","hide":false,"width":116,"pivotIndex":null,"pinned":null,"rowGroupIndex":null},{"colId":"fx_currency","hide":false,"aggFunc":null,"width":120,"pivotIndex":null,"pinned":null,"rowGroupIndex":null},{"colId":"value","hide":false,"width":100,"pivotIndex":null,"pinned":null,"rowGroupIndex":null},{"colId":"is_account_to","hide":false,"aggFunc":null,"width":131,"pivotIndex":null,"pinned":null,"rowGroupIndex":null},{"colId":"TradeDate","hide":false,"aggFunc":null,"width":156,"pivotIndex":null,"pinned":null,"rowGroupIndex":null},{"colId":"SettleDate","hide":false,"aggFunc":null,"width":156,"pivotIndex":null,"pinned":null,"rowGroupIndex":null},{"colId":"Action","hide":false,"aggFunc":null,"width":95,"pivotIndex":null,"pinned":null,"rowGroupIndex":null},{"colId":"source","hide":false,"aggFunc":null,"width":300,"pivotIndex":null,"pinned":null,"rowGroupIndex":null},{"colId":"Status","hide":false,"aggFunc":null,"width":105,"pivotIndex":null,"pinned":null,"rowGroupIndex":null},{"colId":"CustodianCode","hide":false,"aggFunc":null,"width":142,"pivotIndex":null,"pinned":null,"rowGroupIndex":null},{"colId":"SecurityType","hide":false,"aggFunc":null,"width":127,"pivotIndex":null,"pinned":null,"rowGroupIndex":null}]', N'[]', N'[{"colId":"when","sort":"asc"}]', N'{}', N'{"fundFilter":"All Funds","symbolFilter":"","zeroBalanceFilter":0,"absoluteSortingModel":{"sortingApplied":false,"sortingOn":[]},"dateFilter":{"startDate":"","endDate":""}}', 0, 0)
INSERT [dbo].[data_grid_layouts] ([id], [grid_id], [grid_name], [grid_layout_name], [userId], [pivot_mode], [column_state], [group_state], [sort_state], [filter_state], [external_filter_state], [is_public], [is_default]) VALUES (30, 1, N'Journals Ledgers', N'Bobby-Activity Rec', 1, N'false', N'[{"colId":"Side","hide":false,"aggFunc":null,"width":65,"pivotIndex":null,"pinned":"left","rowGroupIndex":null},{"colId":"event","hide":false,"aggFunc":null,"width":97,"pivotIndex":null,"pinned":"left","rowGroupIndex":null},{"colId":"AccountCategory","hide":false,"aggFunc":null,"width":83,"pivotIndex":null,"pinned":"left","rowGroupIndex":null},{"colId":"symbol","hide":false,"aggFunc":null,"width":58,"pivotIndex":null,"pinned":"left","rowGroupIndex":null},{"colId":"TradeId","hide":false,"aggFunc":null,"width":240,"pivotIndex":null,"pinned":"left","rowGroupIndex":null},{"colId":"id","hide":false,"aggFunc":null,"width":78,"pivotIndex":null,"pinned":null,"rowGroupIndex":null},{"colId":"fund","hide":false,"aggFunc":null,"width":87,"pivotIndex":null,"pinned":null,"rowGroupIndex":null},{"colId":"AccountType","hide":false,"aggFunc":null,"width":249,"pivotIndex":null,"pinned":null,"rowGroupIndex":null},{"colId":"accountDescription","hide":true,"aggFunc":null,"width":168,"pivotIndex":null,"pinned":null,"rowGroupIndex":null},{"colId":"when","hide":false,"aggFunc":null,"width":106,"pivotIndex":null,"pinned":null,"rowGroupIndex":null},{"colId":"debit","hide":false,"aggFunc":"sum","width":123,"pivotIndex":null,"pinned":null,"rowGroupIndex":null},{"colId":"credit","hide":false,"aggFunc":"sum","width":123,"pivotIndex":null,"pinned":null,"rowGroupIndex":null},{"colId":"accountName","hide":true,"aggFunc":null,"width":382,"pivotIndex":null,"pinned":null,"rowGroupIndex":null},{"colId":"balance","hide":false,"aggFunc":"sum","width":109,"pivotIndex":null,"pinned":null,"rowGroupIndex":null},{"colId":"quantity","hide":false,"aggFunc":"sum","width":106,"pivotIndex":null,"pinned":null,"rowGroupIndex":null},{"colId":"fxrate","hide":false,"aggFunc":null,"width":99,"pivotIndex":null,"pinned":null,"rowGroupIndex":null},{"colId":"start_price","hide":false,"aggFunc":null,"width":114,"pivotIndex":null,"pinned":null,"rowGroupIndex":null},{"colId":"end_price","hide":false,"aggFunc":null,"width":112,"pivotIndex":null,"pinned":null,"rowGroupIndex":null},{"colId":"security_id","hide":false,"width":116,"pivotIndex":null,"pinned":null,"rowGroupIndex":null},{"colId":"fx_currency","hide":false,"aggFunc":null,"width":120,"pivotIndex":null,"pinned":null,"rowGroupIndex":null},{"colId":"value","hide":false,"width":100,"pivotIndex":null,"pinned":null,"rowGroupIndex":null},{"colId":"is_account_to","hide":false,"aggFunc":null,"width":131,"pivotIndex":null,"pinned":null,"rowGroupIndex":null},{"colId":"TradeDate","hide":false,"aggFunc":null,"width":156,"pivotIndex":null,"pinned":null,"rowGroupIndex":null},{"colId":"SettleDate","hide":false,"aggFunc":null,"width":156,"pivotIndex":null,"pinned":null,"rowGroupIndex":null},{"colId":"Action","hide":false,"aggFunc":null,"width":95,"pivotIndex":null,"pinned":null,"rowGroupIndex":null},{"colId":"source","hide":false,"aggFunc":null,"width":300,"pivotIndex":null,"pinned":null,"rowGroupIndex":null},{"colId":"Status","hide":false,"aggFunc":null,"width":105,"pivotIndex":null,"pinned":null,"rowGroupIndex":null},{"colId":"CustodianCode","hide":false,"aggFunc":null,"width":142,"pivotIndex":null,"pinned":null,"rowGroupIndex":null},{"colId":"SecurityType","hide":false,"aggFunc":null,"width":127,"pivotIndex":null,"pinned":null,"rowGroupIndex":null}]', N'[]', N'[{"colId":"when","sort":"asc"}]', N'{}', N'{"fundFilter":"All Funds","symbolFilter":"","zeroBalanceFilter":0,"absoluteSortingModel":{"sortingApplied":false,"sortingOn":[]},"dateFilter":{"startDate":"","endDate":""}}', 0, 0)
INSERT [dbo].[data_grid_layouts] ([id], [grid_id], [grid_name], [grid_layout_name], [userId], [pivot_mode], [column_state], [group_state], [sort_state], [filter_state], [external_filter_state], [is_public], [is_default]) VALUES (32, 19, N'Taxlot Status', N'Brian''s View', 1, N'false', N'[{"colId":"ag-Grid-AutoColumn","hide":false,"aggFunc":null,"width":204,"pivotIndex":null,"pinned":null,"rowGroupIndex":null},{"colId":"open_id","hide":true,"aggFunc":null,"width":120,"pivotIndex":null,"pinned":null,"rowGroupIndex":null},{"colId":"trade_date","hide":false,"aggFunc":null,"width":118,"pivotIndex":null,"pinned":null,"rowGroupIndex":null},{"colId":"symbol","hide":false,"aggFunc":null,"width":100,"pivotIndex":null,"pinned":null,"rowGroupIndex":0},{"colId":"status","hide":false,"aggFunc":null,"width":93,"pivotIndex":null,"pinned":null,"rowGroupIndex":null},{"colId":"side","hide":false,"aggFunc":null,"width":83,"pivotIndex":null,"pinned":null,"rowGroupIndex":null},{"colId":"original_quantity","hide":false,"aggFunc":"sum","width":135,"pivotIndex":null,"pinned":null,"rowGroupIndex":null},{"colId":"quantity","hide":false,"aggFunc":"sum","width":136,"pivotIndex":null,"pinned":null,"rowGroupIndex":null},{"colId":"investment_at_cost","hide":false,"aggFunc":null,"width":161,"pivotIndex":null,"pinned":null,"rowGroupIndex":null}]', N'[]', N'[]', N'{"status":{"values":["Open","Partially Closed"],"filterType":"set"}}', N'{"fundFilter":"All Funds","symbolFilter":"","dateFilter":{"startDate":"2020-01-01","endDate":"2020-01-01"}}', 0, 0)
INSERT [dbo].[data_grid_layouts] ([id], [grid_id], [grid_name], [grid_layout_name], [userId], [pivot_mode], [column_state], [group_state], [sort_state], [filter_state], [external_filter_state], [is_public], [is_default]) VALUES (34, 7, N'Trade', N'Jon New', 1, N'false', N'[{"colId":"TradeTime","hide":true,"aggFunc":null,"width":200,"pivotIndex":null,"pinned":null,"rowGroupIndex":null},{"colId":"ag-Grid-AutoColumn","hide":false,"aggFunc":null,"width":200,"pivotIndex":null,"pinned":"left","rowGroupIndex":null},{"colId":"LPOrderId","hide":false,"aggFunc":null,"width":270,"pivotIndex":null,"pinned":null,"rowGroupIndex":null},{"colId":"TradeDate","hide":false,"aggFunc":null,"width":200,"pivotIndex":null,"pinned":null,"rowGroupIndex":1},{"colId":"AccrualId","hide":false,"aggFunc":null,"width":110,"pivotIndex":null,"pinned":null,"rowGroupIndex":null},{"colId":"Action","hide":false,"aggFunc":null,"width":95,"pivotIndex":null,"pinned":null,"rowGroupIndex":null},{"colId":"Symbol","hide":false,"aggFunc":null,"width":102,"pivotIndex":null,"pinned":null,"rowGroupIndex":0},{"colId":"Side","hide":false,"aggFunc":null,"width":83,"pivotIndex":null,"pinned":null,"rowGroupIndex":null},{"colId":"Quantity","hide":false,"aggFunc":null,"width":122,"pivotIndex":null,"pinned":null,"rowGroupIndex":null},{"colId":"TimeInForce","hide":false,"aggFunc":null,"width":125,"pivotIndex":null,"pinned":null,"rowGroupIndex":null},{"colId":"OrderType","hide":false,"aggFunc":null,"width":116,"pivotIndex":null,"pinned":null,"rowGroupIndex":null},{"colId":"SecurityType","hide":false,"aggFunc":null,"width":127,"pivotIndex":null,"pinned":null,"rowGroupIndex":null},{"colId":"BloombergCode","hide":false,"aggFunc":null,"width":147,"pivotIndex":null,"pinned":null,"rowGroupIndex":null},{"colId":"EzeTicker","hide":false,"aggFunc":null,"width":109,"pivotIndex":null,"pinned":null,"rowGroupIndex":null},{"colId":"SecurityCode","hide":false,"aggFunc":null,"width":130,"pivotIndex":null,"pinned":null,"rowGroupIndex":null},{"colId":"CustodianCode","hide":false,"aggFunc":null,"width":142,"pivotIndex":null,"pinned":null,"rowGroupIndex":null},{"colId":"ExecutionBroker","hide":false,"aggFunc":null,"width":146,"pivotIndex":null,"pinned":null,"rowGroupIndex":null},{"colId":"TradeId","hide":false,"aggFunc":null,"width":200,"pivotIndex":null,"pinned":null,"rowGroupIndex":null},{"colId":"SecurityId","hide":false,"aggFunc":null,"width":200,"pivotIndex":null,"pinned":null,"rowGroupIndex":null},{"colId":"Fund","hide":false,"aggFunc":null,"width":200,"pivotIndex":null,"pinned":null,"rowGroupIndex":null},{"colId":"PMCode","hide":false,"aggFunc":null,"width":200,"pivotIndex":null,"pinned":null,"rowGroupIndex":null},{"colId":"PortfolioCode","hide":false,"aggFunc":null,"width":200,"pivotIndex":null,"pinned":null,"rowGroupIndex":null},{"colId":"Trader","hide":false,"aggFunc":null,"width":200,"pivotIndex":null,"pinned":null,"rowGroupIndex":null},{"colId":"TradeCurrency","hide":false,"aggFunc":null,"width":200,"pivotIndex":null,"pinned":null,"rowGroupIndex":null},{"colId":"TradePrice","hide":false,"aggFunc":null,"width":200,"pivotIndex":null,"pinned":null,"rowGroupIndex":null},{"colId":"SettleCurrency","hide":false,"aggFunc":null,"width":200,"pivotIndex":null,"pinned":null,"rowGroupIndex":null},{"colId":"SettlePrice","hide":false,"aggFunc":null,"width":200,"pivotIndex":null,"pinned":null,"rowGroupIndex":null},{"colId":"SettleDate","hide":false,"aggFunc":null,"width":200,"pivotIndex":null,"pinned":null,"rowGroupIndex":null},{"colId":"TradeType","hide":false,"aggFunc":null,"width":200,"pivotIndex":null,"pinned":null,"rowGroupIndex":null},{"colId":"TransactionCategory","hide":false,"aggFunc":null,"width":200,"pivotIndex":null,"pinned":null,"rowGroupIndex":null},{"colId":"TransactionType","hide":false,"aggFunc":null,"width":200,"pivotIndex":null,"pinned":null,"rowGroupIndex":null},{"colId":"ParentOrderId","hide":false,"aggFunc":null,"width":200,"pivotIndex":null,"pinned":null,"rowGroupIndex":null},{"colId":"ParentSymbol","hide":false,"aggFunc":null,"width":200,"pivotIndex":null,"pinned":null,"rowGroupIndex":null},{"colId":"Status","hide":false,"aggFunc":null,"width":200,"pivotIndex":null,"pinned":null,"rowGroupIndex":null},{"colId":"NetMoney","hide":false,"aggFunc":null,"width":200,"pivotIndex":null,"pinned":null,"rowGroupIndex":null},{"colId":"Commission","hide":false,"aggFunc":null,"width":200,"pivotIndex":null,"pinned":null,"rowGroupIndex":null},{"colId":"Fees","hide":false,"aggFunc":null,"width":200,"pivotIndex":null,"pinned":null,"rowGroupIndex":null},{"colId":"SettleNetMoney","hide":false,"aggFunc":null,"width":200,"pivotIndex":null,"pinned":null,"rowGroupIndex":null},{"colId":"NetPrice","hide":false,"aggFunc":null,"width":200,"pivotIndex":null,"pinned":null,"rowGroupIndex":null},{"colId":"SettleNetPrice","hide":false,"aggFunc":null,"width":200,"pivotIndex":null,"pinned":null,"rowGroupIndex":null},{"colId":"OrderSource","hide":false,"aggFunc":null,"width":200,"pivotIndex":null,"pinned":null,"rowGroupIndex":null},{"colId":"UpdatedOn","hide":false,"aggFunc":null,"width":200,"pivotIndex":null,"pinned":null,"rowGroupIndex":null},{"colId":"LocalNetNotional","hide":false,"aggFunc":null,"width":200,"pivotIndex":null,"pinned":null,"rowGroupIndex":null}]', N'[]', N'[{"colId":"TradeDate","sort":"asc"}]', N'{}', N'{"symbolFilter":"gil"}', 0, 0)
INSERT [dbo].[data_grid_layouts] ([id], [grid_id], [grid_name], [grid_layout_name], [userId], [pivot_mode], [column_state], [group_state], [sort_state], [filter_state], [external_filter_state], [is_public], [is_default]) VALUES (36, 1, N'Journals Ledgers', N'Bobby-CFD Equity Swaps', 1, N'false', N'[{"colId":"ag-Grid-AutoColumn","hide":false,"aggFunc":null,"width":540,"pivotIndex":null,"pinned":"left","rowGroupIndex":null},{"colId":"TradeDate","hide":false,"aggFunc":null,"width":156,"pivotIndex":null,"pinned":null,"rowGroupIndex":1},{"colId":"SettleDate","hide":true,"aggFunc":null,"width":115,"pivotIndex":null,"pinned":null,"rowGroupIndex":null},{"colId":"id","hide":false,"aggFunc":null,"width":71,"pivotIndex":null,"pinned":null,"rowGroupIndex":null},{"colId":"source","hide":false,"aggFunc":null,"width":300,"pivotIndex":null,"pinned":null,"rowGroupIndex":null},{"colId":"fund","hide":false,"aggFunc":null,"width":87,"pivotIndex":null,"pinned":null,"rowGroupIndex":null},{"colId":"AccountCategory","hide":false,"aggFunc":null,"width":128,"pivotIndex":null,"pinned":null,"rowGroupIndex":2},{"colId":"AccountType","hide":false,"aggFunc":null,"width":387,"pivotIndex":null,"pinned":null,"rowGroupIndex":3},{"colId":"accountName","hide":false,"aggFunc":null,"width":139,"pivotIndex":null,"pinned":null,"rowGroupIndex":null},{"colId":"accountDescription","hide":false,"aggFunc":null,"width":168,"pivotIndex":null,"pinned":null,"rowGroupIndex":null},{"colId":"when","hide":false,"aggFunc":null,"width":106,"pivotIndex":null,"pinned":null,"rowGroupIndex":null},{"colId":"debit","hide":false,"aggFunc":"sum","width":125,"pivotIndex":null,"pinned":null,"rowGroupIndex":null},{"colId":"credit","hide":false,"aggFunc":"sum","width":128,"pivotIndex":null,"pinned":null,"rowGroupIndex":null},{"colId":"balance","hide":false,"aggFunc":"sum","width":137,"pivotIndex":null,"pinned":null,"rowGroupIndex":null},{"colId":"quantity","hide":true,"aggFunc":"sum","width":115,"pivotIndex":null,"pinned":null,"rowGroupIndex":null},{"colId":"symbol","hide":false,"aggFunc":null,"width":122,"pivotIndex":null,"pinned":null,"rowGroupIndex":0},{"colId":"fxrate","hide":false,"aggFunc":null,"width":99,"pivotIndex":null,"pinned":null,"rowGroupIndex":null},{"colId":"event","hide":false,"aggFunc":null,"width":90,"pivotIndex":null,"pinned":null,"rowGroupIndex":null},{"colId":"security_id","hide":false,"aggFunc":null,"width":116,"pivotIndex":null,"pinned":null,"rowGroupIndex":null},{"colId":"fx_currency","hide":false,"aggFunc":null,"width":120,"pivotIndex":null,"pinned":null,"rowGroupIndex":null},{"colId":"value","hide":false,"aggFunc":null,"width":88,"pivotIndex":null,"pinned":null,"rowGroupIndex":null},{"colId":"start_price","hide":false,"aggFunc":null,"width":114,"pivotIndex":null,"pinned":null,"rowGroupIndex":null},{"colId":"end_price","hide":false,"aggFunc":null,"width":109,"pivotIndex":null,"pinned":null,"rowGroupIndex":null},{"colId":"is_account_to","hide":false,"aggFunc":null,"width":131,"pivotIndex":null,"pinned":null,"rowGroupIndex":null},{"colId":"TradeId","hide":false,"aggFunc":null,"width":100,"pivotIndex":null,"pinned":null,"rowGroupIndex":null},{"colId":"Action","hide":false,"aggFunc":null,"width":95,"pivotIndex":null,"pinned":null,"rowGroupIndex":null},{"colId":"Status","hide":false,"aggFunc":null,"width":93,"pivotIndex":null,"pinned":null,"rowGroupIndex":null},{"colId":"CustodianCode","hide":false,"aggFunc":null,"width":142,"pivotIndex":null,"pinned":null,"rowGroupIndex":null},{"colId":"SecurityType","hide":false,"aggFunc":null,"width":147,"pivotIndex":null,"pinned":null,"rowGroupIndex":null},{"colId":"Side","hide":false,"aggFunc":null,"width":83,"pivotIndex":null,"pinned":null,"rowGroupIndex":null}]', N'[]', N'[]', N'{"SecurityType":{"values":["Equity Swap"],"filterType":"set"},"AccountCategory":{"values":["Revenues"],"filterType":"set"}}', N'{"fundFilter":"All Funds","symbolFilter":"","zeroBalanceFilter":0,"absoluteSortingModel":{"sortingApplied":false,"sortingOn":[]},"dateFilter":{"startDate":"2019-04-01","endDate":"2019-12-31"}}', 0, 0)
INSERT [dbo].[data_grid_layouts] ([id], [grid_id], [grid_name], [grid_layout_name], [userId], [pivot_mode], [column_state], [group_state], [sort_state], [filter_state], [external_filter_state], [is_public], [is_default]) VALUES (37, 1, N'Journals Ledgers', N'CFD-Rec', 1, N'false', N'[{"colId":"ag-Grid-AutoColumn","hide":false,"aggFunc":null,"width":491,"pivotIndex":null,"pinned":"left","rowGroupIndex":null},{"colId":"TradeDate","hide":false,"aggFunc":null,"width":156,"pivotIndex":null,"pinned":null,"rowGroupIndex":1},{"colId":"SettleDate","hide":true,"aggFunc":null,"width":156,"pivotIndex":null,"pinned":null,"rowGroupIndex":null},{"colId":"id","hide":false,"aggFunc":null,"width":71,"pivotIndex":null,"pinned":null,"rowGroupIndex":null},{"colId":"source","hide":false,"aggFunc":null,"width":300,"pivotIndex":null,"pinned":null,"rowGroupIndex":0},{"colId":"fund","hide":false,"aggFunc":null,"width":87,"pivotIndex":null,"pinned":null,"rowGroupIndex":null},{"colId":"AccountCategory","hide":false,"aggFunc":null,"width":108,"pivotIndex":null,"pinned":null,"rowGroupIndex":3},{"colId":"AccountType","hide":false,"aggFunc":null,"width":415,"pivotIndex":null,"pinned":null,"rowGroupIndex":4},{"colId":"accountName","hide":false,"aggFunc":null,"width":491,"pivotIndex":null,"pinned":null,"rowGroupIndex":null},{"colId":"accountDescription","hide":false,"aggFunc":null,"width":168,"pivotIndex":null,"pinned":null,"rowGroupIndex":null},{"colId":"when","hide":false,"aggFunc":null,"width":89,"pivotIndex":null,"pinned":null,"rowGroupIndex":2},{"colId":"debit","hide":false,"aggFunc":"sum","width":140,"pivotIndex":null,"pinned":null,"rowGroupIndex":null},{"colId":"credit","hide":false,"aggFunc":"sum","width":140,"pivotIndex":null,"pinned":null,"rowGroupIndex":null},{"colId":"balance","hide":false,"aggFunc":"sum","width":137,"pivotIndex":null,"pinned":null,"rowGroupIndex":null},{"colId":"quantity","hide":true,"aggFunc":"sum","width":115,"pivotIndex":null,"pinned":null,"rowGroupIndex":null},{"colId":"symbol","hide":false,"aggFunc":null,"width":100,"pivotIndex":null,"pinned":null,"rowGroupIndex":6},{"colId":"fxrate","hide":false,"aggFunc":null,"width":99,"pivotIndex":null,"pinned":null,"rowGroupIndex":null},{"colId":"event","hide":false,"aggFunc":null,"width":90,"pivotIndex":null,"pinned":null,"rowGroupIndex":5},{"colId":"security_id","hide":false,"aggFunc":null,"width":116,"pivotIndex":null,"pinned":null,"rowGroupIndex":null},{"colId":"fx_currency","hide":false,"aggFunc":null,"width":120,"pivotIndex":null,"pinned":null,"rowGroupIndex":null},{"colId":"value","hide":false,"aggFunc":null,"width":88,"pivotIndex":null,"pinned":null,"rowGroupIndex":null},{"colId":"start_price","hide":false,"aggFunc":null,"width":114,"pivotIndex":null,"pinned":null,"rowGroupIndex":null},{"colId":"end_price","hide":false,"aggFunc":null,"width":109,"pivotIndex":null,"pinned":null,"rowGroupIndex":null},{"colId":"is_account_to","hide":false,"aggFunc":null,"width":131,"pivotIndex":null,"pinned":null,"rowGroupIndex":null},{"colId":"TradeId","hide":false,"aggFunc":null,"width":100,"pivotIndex":null,"pinned":null,"rowGroupIndex":null},{"colId":"Action","hide":false,"aggFunc":null,"width":95,"pivotIndex":null,"pinned":null,"rowGroupIndex":null},{"colId":"Status","hide":false,"aggFunc":null,"width":93,"pivotIndex":null,"pinned":null,"rowGroupIndex":null},{"colId":"CustodianCode","hide":false,"aggFunc":null,"width":142,"pivotIndex":null,"pinned":null,"rowGroupIndex":null},{"colId":"SecurityType","hide":false,"aggFunc":null,"width":127,"pivotIndex":null,"pinned":null,"rowGroupIndex":null},{"colId":"Side","hide":false,"aggFunc":null,"width":83,"pivotIndex":null,"pinned":null,"rowGroupIndex":null}]', N'[]', N'[]', N'{}', N'{"fundFilter":"All Funds","symbolFilter":"bga au","zeroBalanceFilter":0,"absoluteSortingModel":{"sortingApplied":false,"sortingOn":[]},"dateFilter":{"startDate":"2019-04-01","endDate":"2019-12-31"}}', 0, 0)
SET IDENTITY_INSERT [dbo].[data_grid_layouts] OFF

SET IDENTITY_INSERT [dbo].[tax_rate] ON 
INSERT [dbo].[tax_rate] ([Id], [effective_from], [effective_to], [long_term_tax_rate], [short_term_tax_rate], [short_term_period], [created_date], [last_updated_date], [created_by], [last_updated_by], [active_flag]) VALUES (1, CAST(N'2019-01-01T00:00:00.000' AS DateTime), CAST(N'2019-12-31T00:00:00.000' AS DateTime), CAST(0.200000000 AS Decimal(16, 9)), CAST(0.396000000 AS Decimal(16, 9)), 365, CAST(N'2019-12-23T08:27:49.013' AS DateTime), CAST(N'2019-12-26T09:48:04.360' AS DateTime), N'John Smith', N'John Smith', 1)
INSERT [dbo].[tax_rate] ([Id], [effective_from], [effective_to], [long_term_tax_rate], [short_term_tax_rate], [short_term_period], [created_date], [last_updated_date], [created_by], [last_updated_by], [active_flag]) VALUES (2, CAST(N'2020-01-01T00:00:00.000' AS DateTime), CAST(N'2020-12-31T00:00:00.000' AS DateTime), CAST(0.200000000 AS Decimal(16, 9)), CAST(0.396000000 AS Decimal(16, 9)), 365, CAST(N'2019-12-23T08:27:49.013' AS DateTime), CAST(N'2019-12-26T09:48:04.360' AS DateTime), N'John Smith', N'John Smith', 1)
SET IDENTITY_INSERT [dbo].[tax_rate] OFF


-- DONE

RETURN 0